Nombre del juego,Creador,Publicador,Fecha de Salida
102 Dálmatas: Cachorros al rescate,Digital Eclipse Software,Eidos Interactive,21 de octubre de 2000
16 Tales,Lightspan,The Lightspan Partnership,1996
1Xtreme,Sony Interactive Studios America,SCEI,9 de septiembre de 1995diciembre de 199524 de mayo de 19961998
2002 FIFA World Cup,Electronic Arts,Electronic Arts,26 de abril de 200230 de abril de 2002
2Xtreme,Sony Interactive Studios America,SCEA,31 de octubre de 19966 de marzo de 19976 de abril de 1997
"3, 2, 1... Smurf! My First Racing Game",Artificial Mind & Movement,Infogrames,31 de diciembre del 2000Marzo de 2001
360,Smart Dog,Cryo Interactive,23 de julio de 1999
3D Baseball,Crystal Dynamics,Crystal Dynamics,31 de octubre de 199628 de febrero de 1997
3D Bouncing Ball Puzzle,,,
3D Fighting School,Agetec,ASCII Corporation,1999
3D-Kaleidoscope Baby Universe,SCEI,SCEI,20 de junio de 1997
3D Lemmings,Clockwork Games,PsygnosisSCEI,Octubre de 1995Noviembre de 1995199311 de agosto de 1996
3D Shooting Tsukuru,Success,ASCII Corporation,20 de noviembre de 1996
3x3 Eyes: Kyuusei Koushu,Nihon Create,Nihon Create,8 de noviembre de 1995
3X3 Eyes: Tenrinougenmu,Nihon Create,Nihon Create,Diciembre de 1997
3Xtreme,989 Studios,989 Studios,20 de abril de 1999
40 Winks,Eurocom,GT Interactive,14 de noviembre de 19991 de diciembre de 1999
4-4-2 Soccer,Arc Developments,Virgin Interactive,1 de agosto de 1997
4th Super Robot Wars Scramble,Banpresto,Banpresto,26 de enero de 1996
4×4 World Trophy,Infogrames,Infogrames,31 de octubre de 199919 de abril de 2000
5 Star Racing,Kung Fu,Phoenix Games,15 de noviembre de 2003
70's Robot Anime Geppy-X,SCEI,SCEI,26 de mayo de 1999
Nombre del juego,Creador,Publicador,Fecha de Salida
A-Train III,Artdink,Maxis,22 de noviembre de 19951 de febrero de 1996Noviembre de 1996
A-Train IV A.IV Evolution,Artdink,Artdink,3 de diciembre de 1994
A-Train IV A.IV Evolution Global,Artdink,SCEE,22 de noviembre de 19951996
Abala Burn: A Battle Legend of Astterica,Tamsoft,Takara,20 de agosto de 1998
Ace Combat 2,Namco,Namco,30 de mayo de 199725 de agosto de 1997Octubre de 1997
Ace Combat 3: Electrosphere,Namco,Namco,27 de mayo de 199921 de enero de 200020 de marzo de 2000
Aces of the Air,,A1 Games,23 de mayo de 200226 de septiembre del 2002
Acid,ISCO,Taki,8 de julio de 1999
Aconcagua,SCEI,SCEI,1 de junio de 2000
Action Bass,Vingt et un Systems,Take 2 Interactive,5 de octubre del 2001
Action Man: Destruction X,The 3DO CompanyBlitz Games,Hasbro Interactive,10 de noviembre del 2000
Action Man: Mission Xtreme,Blitz Games,Hasbro Interactive,1 de junio de 2001
Actua Golf,Gremlin Interactive,Gremlin Interactive,19961996
Actua Golf 2,Gremlin Interactive,Gremlin InteractiveFox Interactive,1997Septiembre de 1997
Actua Golf 3,Gremlin Interactive,Zoo Digital,1998
Actua Ice Hockey,Gremlin Interactive,Gremlin Interactive,1998
Actua Ice Hockey 2,Gremlin Interactive,Gremlin Interactive,23 de abril de 1999
Actua Pool,Gremlin Interactive,Gremlin Interactive,Enero de 1999
Actua Soccer,Gremlin Interactive,Gremlin Interactive,1995
Actua Soccer: Club Edition,Gremlin Interactive,Gremlin Interactive,1996
Actua Soccer 2,Gremlin Interactive,Gremlin Interactive,1997
Actua Soccer 3,Gremlin Interactive,Gremlin Interactive,1998
Actua Tennis,Gremlin Interactive,Gremlin Interactive,1998
Adiboo & Paziral's Secret,Coktel Vision,Vivendi Games,2003
Adidas Power Soccer,SCEI,Psygnosis,1996
Adidas Power Soccer 2,SCEI,Psygnosis,1996
Adidas Power Soccer 97,SCEI,Psygnosis,1997
Adidas Power Soccer 98,SCEI,Psygnosis,1998
Advan Racing,Atlus,Atlus,19981998
Advanced V.G.,TGL,TGL,1996
Advanced V.G. 2,TGL,TGL,1999
AFL 98,Electronic Arts,Electronic Arts,30 de septiembre de 199830 de septiembre de 1998
AFL 99,Electronic Arts,Electronic Arts,19991999
Agent Armstrong,King of the Jungle,Virgin Interactive,18 de septiembre de 19974 de diciembre de 1997
Agile Warrior,Black Ops Entertainment,Virgin Interactive,1 de enero de 1996
Agile Warrior F-111X,Black Ops Entertainment,Virgin Interactive,1 de enero de 1996
Air Combat,Namco,NamcoPALSCEI,30 de junio de 19959 de septiembre de 1995PALOctubre de 1995
Air Hockey,Mud Duck Productions,Mud Duck ProductionsMidas Interactive EntertainmentSucess,25 de mayo de 20002001Septiembre de 2003
Aironauts,Red Lemon Studios,Red Storm Entertainment,1 de agosto de 1999
Akuji the Heartless,Crystal Dynamics,Eidos Interactive,
Alex Ferguson's Player Manager 2001,Anco,3DO,24 de noviembre del 2000
Alex Ferguson's Player Manager 2002,Anco,Ubisoft,17 de mayo del 2002
Alexi Lalas International Soccer,,,
Alfred Chicken,Mobius Entertainment,SCEE,12 de abril del 2002
Alien Earth,,,
Alien: Resurrection,Argonaut Games,Fox Interactive,
Alien Trilogy,Probe Entertainment,Acclaim Entertainment,
All Japan Woman Pro Wrestling,,,
All-Star 1997 featuring Frank Thomas,,,
All Star Boxing,Midas Interactive,Midas Interactive,15 de abril del 2003
All-Star Racing,Midas Interactive,Midas Interactive,22 de febrero de 2002
All-Star Racing 2,Midas Interactive,Midas Interactive,7 de febrero del 2003
All-Star Slammin' D-ball,,,
All Star Soccer,,,
All Star Tennis,Midas Interactive,Midas Interactive,25 de abril del 2003
All Star Tennis '99,Smart Dog,Ubisoft,31 de agosto de 1999
All Star Tennis 2000,,Ubisoft,18 de agosto del 2000
All Star Watersports,,Phoenix Games,
Allied General,SSI,SSI,1996
Alone in the Dark: Jack Is Back,Infogrames,Interplay,
Alone in the Dark: One-Eyed Jack's Revenge,Infogrames,Interplay,
Alone in the Dark: The New Nightmare,Infogrames,Darkworks SA,18 de mayo del 2001
Alundra,,,
Alundra 2,,,
The Amazing Virtual Sea-Monkeys,Creature Labs,Kemco,19 de julio del 2002
American Deer Hunter,,,
American Pool,Midas Interactive,Midas Interactive,13 de junio de 2003
Amerzone,,,
Anastasia,Midas Interactive,Midas Interactive,12 de abril del 2001
Andretti Racing,,,
Angel Blade: Neo Tokyo Guardians,,,
Angel Eyes,,,
Angel Graffiti: Anathe no Profile,,,
Animal Football,,,
Animal Snap,,,
Animaniacs Ten Pin Alley,,,
Anime Chick Story 1: Card Captor Sakura,,,
Animorphs: Shattered Reality,,,
Anna Kournikova's Smash Court Tennis,Namco,SCEE,21 de julio del 2000
Ape Escape,Sony,Sony,31 de mayo de 1999 /24 de junio de 1999 /2 de julio de 1999
Apocalypse,Neversoft,Activision,13 de octubre de 1998
Aqua GT,East Point Software,Take 2 Interactive,26 de junio de 2001
Aquanaut's Holiday,,,
Aquanaut's Holiday: Memories of Summer 1996,,,
Arc the Lad,,,
Arc the Lad II,,,
Arc the Lad III,,,
Arc the Lad Collection,,,
Arc the Lad: Monster Game with Casino Game,,,
Arcade Party Pak,Digital Eclipse Software,Midway Games,23 de febrero del 2001
Arcade's Greatest Hits: Atari Collection 1,Digital Eclipse Software,Midway Games,Diciembre de 1997
Arcade's Greatest Hits: Atari Collection 2,,,
Arcade's Greatest Hits: Midway Collection 2,,,
Archer Mclean's 3D Pool,,,
Area 51,Mesa Logic,Midway Games,30 de noviembre de 2001
Ark of Time,,,
Arkanoid Returns,,,
Armored Core,From Software,SCEA,
Armored Core: Master of Arena,From Software,Agetec,
Armored Core: Project Phantasma,From Software,Agetec,
Armored Trooper Votoms: Lightning Slash,,,
Armorines: Project S.W.A.R.M.,Acclaim Studios London,Acclaim Entertainment,23 de noviembre de 2001
Army Men 3D,3DO,3DO,9 de marzo de 1999
Army Men: Air Attack,3DO,3DO,
Army Men: Air Attack 2,The 3DO Company,The 3DO Company,24 de noviembre del 2000
Army Men: Green Rogue,3DO,3DO,
"Army Men: Land, Sea, Air",The 3DO Company,The 3DO Company,3 de noviembre de 2000
Army Men: Lock 'n' Load,The 3DO Company,Infogrames,30 de marzo de 2001
Army Men: Omega Soldier,The 3DO Company,Infogrames,27 de abril del 2001
Army Men: Operation Meltdown,,,
Army Men: Sarge's Heroes,,,
Army Men: Sarge's Heroes 2,The 3DO Company,The 3DO Company,24 de noviembre del 2000
Army Men: Team Assault,The 3DO Company,The 3DO Company,30 de noviembre de 2001
Army Men: World War,,,
Army Men: World War - Final Front,,,
Arthur! Ready to Race,,,
Assault/Asalto,,,
Assault Rigs,,,
Assault: Retribution,,,
Asterix,,,
Asterix and Obelix Take on Caesar,,,
Asterix Mega Madness,Unique Development Studios,Infogrames,9 de agosto del 2002
Asteroids,,,
Asuka 120% Burning Fest. Final,,,
Asuka 120% Excellent: Burning Festival,,,
Asuka 120% Special Burning Fest,,,
Atari Anniversary Edition,,,28 de junio de 2001
Atari Anniversary Edition Redux,Digital Eclipse Software,Infogrames,8 de febrero de 2002
Atelier Marie,,,
Athena: Awakening From The Ordinary Life,,,
Atlantis: The Lost Continent,,,
Atlantis: The Lost Tales,,,
Attack of the Saucerman!,,,
ATV Mania,Gotham Games,Take 2 Interactive,27 de junio de 2003
ATV: Quad Power Racing,,,
ATV Racers,Midas Interactive,Bethesda Software,13 de junio de 2003
AubirdForce,,,
Austin Powers Pinball,Gotham Games,Take 2 Interactive,17 de octubre de 2002
Auto Destruct[1]​,Neurostone,Electronic Arts,28 de febrero de 1997
Ayrton Senna Kart Duel 2,,,
Azito 2,,,
Aztec: The Curse in the Heart of the City of Gold,,,
Azure Dreams,konami,Konami,13 de noviembre de 1997
Nombre del Juego Inglés / Español,Creador,Publicador,Fecha de Salida
B-Movie,,,noviembre de 1998
Baby Felix Tennis,,,2002
Baby Universe,,,
"Backguiner ~Yomigaeru Yuushatachi~ ""Guiner Tenshou""",,,
"Backguiner ACT-2 ~Yomigaeru Yuushatachi~ Hishou Hen ""Uragiri no Senjou""",,,
Backstreet Billiards,,,21 de noviembre de 1998
Backyard Football,,,
Backyard Soccer,,,
Bakuretsu Hunter: Mahjong Special,,,
Bakusou Dekotora Densetsu: Art Truck Battle,,,
Bakusou Kyoudai Let's & Go! Eternal Wings,,,
Baldies,,,1995
Baldy Land,,,
Ball Breakers,,,2000
Ballblazer Champions,,,
Ballerburg,,,
Ballistic,Mitchell Corporation,THQ,20 de octubre del 2000
Barbie Explorer,,,
Barbie Race and Ride,,,
Barbie Super Sports,,,
Barbie: Gotta Have Games,,,
Baroque,,,
Baseball 2000,,,
Bases Loaded '96,,,
Bass Fishing,,,
Bass Hunter,,,
Bass Landing,,,
Bass Rise,,,
Bastard!!,,,
Batman & Robin,,,..!Batmania Seco
Batman Beyond: Return of the Joker,Kemco,Ubisoft,"31 de diciembre del 2000 /Unión Europea, enero del 2001"
Batman Forever: The Arcade Game,Iguana Entertainment,Acclaim,1996
Batman: Gotham City Racer,,,
Battle Arena Toshinden,Tamsoft,Sony,1994 /1995
Battle Arena Toshinden 2,Tamsoft,Takaraand Toshiaki Ota,1996
Battle Arena Toshinden 2 Plus,,,
Battle Arena Toshinden 3,Tamsoft,,27 de diciembre de 1996 /31 de enero de 1997 /marzo de 1997
Battle Arena Toshinden 4,Tamsoft,,Japón/Unión Europea
Battle Hunter,Agetec,Tommo,1 de junio de 2001
BattleSport,,,
Battle Stations,,,
Battletanx: Global Assault,,,
Beach Volleyball/Voleibol de Playa,,,
Bear In The Big Blue House,,,
Beast Wars,,,
Beast Wars: Transformers,,,
Beatmania,,,
Beatmania Append 3rd Mix,,,
Beatmania Append 4th Mix,,,
Beatmania Append 5th Mix,,,
Beatmania Append 5th Mix: Time To Get Down,,,
Beatmania Append Club mix,,,
Beatmania Append Gottamix,,,
Beatmania Append Gottamix 2 - Going Global,,,
Beatmania 2nd Mix,,,
Beatmania 6th Mix + Core Mix,,,
Beatmania Best Hits,,,
Beatmania - The Sound of Tokyo,,,
Beat Planet Music,,,
Bedlam (videojuego),Mirage Technologies (Multimedia) Ltd.,"GT Interactive Software(US,EU),GameBank(JP)","30 de septiembre de 1996 (DOS, Macintosh, Windows), Julio de 1997 PlayStation"
Beyblade,,,
Beyond the Beyond,,,
Big Air,,,
Big Air Snowboarding,,,
Big Bass Fishing,Coresoft,Take 2 Interactive,24 de abril del 2002
Big Bass World Championship,,,
Big Hurt Baseball,,,
Big League Slugger Baseball,,,
Big Ol' Bass 2,,,
Big Strike Bowling,,,
Billiards,,,
Bio F.R.E.A.K.S.,,Midway Games,
Bishi Bashi Special,Konami,,
Bishi Bashi Special (PAL),Konami,,
Bishi Bashi Special 2,Konami,,
Bishi Bashi Special 3: Step Champ,Konami,,
Bishoujo Senshi Sailor Moon Super S,,,
Black & White,,,
Black/Matrix 00,,,
Black/Matrix Cross,,,
Black Bass with Blue Marlin,,,
Black Dawn,,,
Blade,,,
Blade 2,,,
Blades of Blood: Samurai Shodown III,,,
Blam! Machinehead,,,
Blast Chamber,,,
Blast Lacrosse,,,
Blast Radius,,,
Blaster Master,,,
Blaster Master: Blasting Again,,,
Blasto,,,
Blaze and Blade: Eternal Quest,,,
Blazing Dragons,,,
Block Buster,,,
Blockids,,,
Blood Lines,,,
Blood Omen: Legacy of Kain,Silicon Knights,Crystal Dynamics,15 de noviembre de 1996
Bloody Roar,,,
Bloody Roar 2,,,
Blue Breaker,,,
Blue Legend of Water,,,
Blue's Big Musical,,,
Board Game Top Shop,KID,A1 Games,21 de julio de 1999
Bob the Builder: Can We Fix It?,,,
Bogey: Dead 6,,,
Boku no Natsuyasumi,,,
Bokujou Monogatari Harvest Moon for Girls,,,
Bomberman,,,
Bomberman Fantasy Race,,,
Bomberman Party Edition,,,
Bomberman Wars,,,
Bomberman World,Hudson Soft,Atlus,30 de septiembre de 1998
The Bombing Islands,,,
Boombots,,,
Bottom of the 9th,,,
Bottom of the 9th '97,,,
Bottom of the 9th '99,,,
Bounty Hunter Sara,,,
Bowling,,,
Boxing,,,
Boys Be,,,
BRAHMA Force: The Assault on Beltlogger 9,,,
Brain Dead 13,,,
Bratz,,,
Brave Charge Box,,,
Brave Fencer Musashi(Brave Fencer Musashidenen Japón),Squaresoft,Square EA,16 de julio de 199810 de noviembre de 1998
Brave Prove,,,
Bravo Air Race(Air Raceen Europa)(Reciproheat 5000en Japón),Xing Entertainment,THQ,31 de julio de 199730 de septiembre de 1997Diciembre de 1997
Breakout,,,
Break Point Tennis,,,
Breakpoint,,,
Breath of Fire III,,,
Breath of Fire IV,,,
Brian Lara Cricket,Codemasters,Codemasters,
Brigandine: Legend of Forsena,,,
Broken Helix,,,
Broken Sword: The Shadow of the Templars,,,
Broken Sword: The Smoking Mirror,,,
Brunswick Circuit Pro Bowling,,,
Brunswick Circuit Pro Bowling 2,,,
Bubble Bobble featuring Rainbow Islands,Taito,Acclaim,
Bubsy 3D,,,
Bug Riders,,,
Buggy,,,
Bugs Bunny: Lost in Time,Behaviour Interactive,Infogrames,30 de junio de 1999
Bugs Bunny and Taz: Time Busters,,,
Bugs Bunny and Taz: Time Busters & Wacky Races Twin Pack,,,
Builder's Block,,,
Burning Ace,,,
Burning Road,,,
Burstrick,,,
Burstrick Wake Boarding!!,,,
Bushido Blade,Squaresoft,Sony,14 de marzo de 199730 de septiembre de 19971 de febrero de 1998
Bushido Blade 2,SquaresoftLight Weight,SquaresoftSquare EA,19 de marzo de 199827 de octubre de 1998
Bust a Groove(Bust a Moveen Japón),,,
Bust a Groove 2(Bust a Move 2en Japón),,,
Bust-A-Move 2(Puzzle Bobble 2en Japón),Taito,,
Bust-A-Move 2 Arcade Edition,Taito,,
Bust-A-Move 3,Taito,,
Bust-A-Move 4(Puzzle Bobble 4en Japón),Taito,,
Bust-A-Move '99(Puzzle Bobble 3en Japón),Taito,,
Buster Bros. Collection,,,
Buttsubushi,,,
Buzz Lightyear of Star Command,,,26 de setiembre de 2000
Nombre del Juego Inglés / Español,Creador,Publicador,Fecha de Salida
The Contra Adventure,Appaloosa Interactive,Konami,1998
C-12: Final Resistance,SCE Studio Cambridge,SCEE,
C-12/Medievil Twin Pack,,,
C3 Racing,,,
Cabela's Big Game Hunter,,,
Cabela's Ultimate Deer Hunt,,,
Caesar's Palace,,,
Caesar's Palace 2000: Millennium Gold Edition,,,
Caesar's Palace II,,,
Calamity Adventure 1: The Natural World,,,
Calamity Adventure 2: People and Traditions,"The Lightspan Partnership, Inc.","The Lightspan Partnership, Inc.",
Calamity Adventure 3: Around the World,,,
California Surfing,,,
California Watersports,,,
Cali's Geo Tools,,,
Capcom Generations(4 CDs con 13 juegos clásicos),,,
Capcom vs SNK Pro,,,
Captain Commando,,,
Captain Tsubasa: Eikou no Kiseki,,,
Captain Tsubasa: Aratanaru Densetsu Joshou,,,
Captain Tsubasa J: Get in the Tomorrow,,,
Car & Driver presents: Grand Tour Racing '98,,,
Card Games,,,
Card Shark,,,
Cardcaptor Sakura,,,
Cardinal Syn,Kronos Digital Entertainment,,
Cargo!,,,
Carmageddon,,,
Carnage Heart,,,
Carnage Heart EZ: Easy Zapping,,,
CART World Series,,,
Casper,,,
Casper: Friends Around the World,,,
Castlevania Chronicles(Castlevania Chronicle: Akumajou Draculaen Japón),,,
Castlevania: Symphony of the Night(Akumajou Dracula X: Nocturne in the Moonlighten Japón),,,
Castrol Honda Superbike Racing,,,
Castrol Honda VTR,,,
Catan - Die erste Insel(Alemán),,,
The Cat in the Hat,,,
Cat the Ripper: Jyusanninme no Tanteishi,,,
Centipede,,,
Champion Wrestler: Jikkyou Raibu,,,
Championship Bass,,,
Championship Manager Quiz,,,
Championship Motocross featuring Ricky Carmichael,,,
Championship Motocross 2001 featuring Ricky Carmichael,,,
Championship Surfer,,,
Chaos Break,,,
Covert Ops: Nuclear Dawn/Chase the Express,,,
Checkmate,,,
Checkmate 2,,,
Cheesy,,,
Chess,,,
Chessmaster II,,,
The Chessmaster 3D,,,
Chessmaster Millennium,,,
Chicken Run,,,
Chill,Silicon Dreams,Eidos Interactive,
Choaniki,,,
Chocobo Collection,,,
Cho Eniki,,,
Chocobo Racing,,,
Chocobo's Mysterious Dungeon,,,
Chocobo's Mysterious Dungeon 2,,,
Chocobo no Fushigi Dungeon,,,
Choro Q 2,,,
Choro Q 3,,,
Choro Q Marine: Q-Boat,,,
Chris Kamara's Street Soccer,,,
Chronicles of the Sword,,,
Chrono Cross,,,
Chrono Trigger,,,
Cindy's Carribean Holiday,,,
Cindy's Fashion World,,,
Circuit Breakers,,,
The City of Lost Children,,,
Civilization II,,,
Cleopatra's Fortune,,,
Clock Tower,,,
Clock Tower: The First Fear,,,
Clock Tower II: The Struggle Within,,,
Codename: Tenka,,,
Colin McRae Rally,,,
Colin McRae Rally 2.0,Codemasters,Codemasters,2000
Colin Mcrae Rally 2.0 & No Fear Downhill Mountain Biking Twin Pack,Codemasters,Codemasters,29 de noviembre de 2002
College Slam,,,
Colony Wars,,,
Colony Wars: Red Sun,,,
Colony Wars: Vengeance,,,
Command & Conquer,,,
Command & Conquer: Red Alert,,,
Command & Conquer: Retaliation,,,
Complete Onside Soccer,,,
Community Pom,,,
Constructor,,,
Contender,,,
Contender 2,,,
Contra: Legacy of War,,,29 de noviembre de 1996
Convenience Store Manager,,,
Convenience Store Manager 2,,,
Cool Boarders,,,
Cool Boarders 2,,,
Cool Boarders 3,,,
Cool Boarders 4,,,
Cool Boarders 2001,,,
Cosmic Cookoff: Language Arts,,,
Cosmic Cookoff: Mathematics,,,
Countdown Vampires,,,
Courier Crisis,,,
Covert Ops: Nuclear Dawn,,,
Cowboy Bebop,,,
Crash Bandicoot,,,
Crash Bandicoot 2: Cortex Strikes Back,,,
Crash Bandicoot 3: Warped,,,
Crash Bash,,,
Crash Team Racing,,,
Crazy Canoes,,,
Creative Camp,,,
Creative Isle,,,
Creative Journey,,,
Creative Voyage,,,
Creatures,,,
Creatures 3: Raised in Space,,,
Cricket 2000,,,
Crime Crackers,,,
Crime Crackers 2,,,
Crime Killer,,,
Crisis Beat,,,
Crisis City,,,
Critical Blow,,,
Critical Depth,,,
Criticom,Kronos Digital Entertainment,,
Croc: Legend of the Gobbos,,,
Croc 2,,,
Crossroad Crisis,,,
Cross Tantei Monogatari,,,
The Crow: City of Angels,,,
Crusader: No Remorse,,,
Crusaders of Might and Magic,3DO,3DO,
Crypt Killer,,,
CT Special Forces: Back To Hell,,,
CT Special Forces 2,,,
CT Special Forces 3,,,
Cu-On-Pa,,,
Cubix,,,
Culdcept Expansion,,,
Cyberbots: Full Metal Madness,,,
Cyber Daisenryaku: Shutsugeki! Haruka-tai,,,
Cyberia,,,
Cybersled,,,
Cyberspeed,,,
CyberTiger,,,
Nombre del Juego Inglés / Español,Creador,Publicador,Fecha de Salida
D,WARP,Acclaim Entertainment,
Dai-3-Ji Super Robot Taisen,,,
The Dalmatians,,,
The Dalmatians 2,,,
Dance! Dance! Dance!,,,
Dance Dance Revolution,,,
Dance Dance Revolution 2nd Remix,,,
Dance Dance Revolution 2nd Remix Append Club Vol. 1,,,
Dance Dance Revolution 2nd Remix Append Club Vol. 2,,,
Dance Dance Revolution 3rdMIX,,,
Dance Dance Revolution 4thMIX,,,
Dance Dance Revolution 5thMIX,,,
Dance Dance Revolution Best Hits,,,
Dance Dance Revolution: Disney Mix(Dance Dance Revolution: Disney's Raveen Japón),,,
Dance Dance Revoution Extra Mix,,,
Dance Dance Revolution Konamix,,,
Dancing Blade Katteni Momotenshi!,,,
Dancing Blade Katteni Momotenshi II ~Tears of Eden~,,,
Dancing Stage Disney Mix,,,
Dancing Stage Euromix,,,
Dancing Stage Fever,,,
Dancing Stage Party Edition,,,
Dancing Stage presents Dreams Come True,,,
Dancing Stage presents True Kiss Destination,,,
Dance: UK,,,
Dance: UK eXtra Trax,,,
Danger Girl,,,
Danger Girls,,,
Dare Devil Derby 3D,,,
Darius Gaiden,,,
Darklight Conflict,,,
Dark Messiah,,,
Darkstalkers,Capcom,Capcom,1995
Darkstalkers 3,Capcom,Capcom,1998
Darkstone,,,
Dave Mirra Freestyle BMX,,,
Dave Mirra Freestyle BMX: Maximum Remix,,,
David Beckham Soccer,,,
Davis Cup Tennis,,,
Dead Ball Zone,,,
Devil Man,,,
Dead in the Water,,,
Dead or Alive,,,
Deathtrap Dungeon,,Eidos Interactive,
Deception III: Dark Delusion,,,
DefCon 5,,,
Delta Force: Urban Warfare,,,
Delta Force: Urban Warrior,,,
Demolition Racer,,,
Denki Guru Guru Jigoku V,,,
Densha de go,,Taito,
Densha de go! 2,,Taito,
Depth,,,
Descent,,,
Descent 2,,,
Descent Maximum,,,
Destrega,,,
Destruction Derby,Reflections Interactive,Psygnosis,
Destruction Derby 2,,,
Destruction Derby Raw,,,
Destructo 2,,,
Detana TwinBee Yahoo! Deluxe Pack,,,
Detective Barbie: Mystery Cruise,,,
Detective Mouse,,,
Devil Dice,,,
Dexter's Laboratory: Mandark's Lab,,,
Diablo,,Electronic Arts,
Die Hard Trilogy,,,
Die Hard Trilogy 2: Viva Las Vegas,,,
Digimon Digital Card Battle,,,
Digimon Rumble Arena,,,
Digimon World,,,
Digimon World 2003,,,
Digimon World 3,,,
Digitalglider Airman,,,
Dino Crisis,Capcom,Capcom,1999
Dino Crisis 2,Capcom,Capcom,2000
Dinomaster,,,
Dinomaster Party,,,
Dinosaurs,,,
Dioramos,,,
Dirt Jockey,,,
Discworld,,,
Discworld II,,,
Discworld: Vermutlich vermisst,,,
Discworld Noir,,,
Disney/Pixar's A Bug's Life[1],Traveller's Tales[2],SCEA,Febrero de 199928 de octubre de 199931 de octubre de 1999
Disney's A Bug's Life Activity Centre,,,
Disney's Action Game Featuring Hercules,,,
Disney's Aladdin in Nasira's Revenge,,,
Disney's Atlantis: The Lost Empire,Disney Interactive,SCEE,27 de septiembre de 2002
Disney's Dinosaur,,,
Disney's Donald Duck: Goin' Quackers(Donald Duck: Quack Attacken Europa),,,
Disney's Goofy's Fun House,,,
Disney's Jungle Book Groove Party,,,
Disney's Lilo & Stitch: Trouble in Paradise,,,
Disney's Magical Tetris Challenge,,,
"Disney/Pixar's Monsters, Inc",,,
Disney's Mulan,,,
Disney's Peter Pan: Adventures in Never Land,,,
Disney's Story Studio - Mulan,,,
Disney's The Emperor's New Groove,,,
Disney's The Lion King 2: Simba's Mighty Adventure,,,
Disney's The Little Mermaid II,,,
Disney's Tarzan,,,
Disney's Toy Story 2,,,
Disney's Toy Story Racer,,,
Disney's Treasure Planet,,,
"Disney Triple Pack: Aladdin, Emperor's New Groove & Tarzan",,,
"Disney Triple Pack: Hercules, Jungle Book & Bug's Life",,,
"Disney Triple Pack: Tarzan, Mulan & Mickey's Wild Adventure",,,
Disruptor,Insomniac Games,,20 de noviembre de 1996
Diver's Dream/Dolphin's Dream,,,
DoDonPachi,,,
Doom,Id Software,,16 de noviembre de 1995Diciembre de 199519 de abril de 1996
Donald Duck: Quack Attack & Winnie The Pooh: Tigger's Honey Hunt Twin Pack,,,
Dora the Explorer: Barnyard Buddies,,,
Double Dragon,,,
Doukyuusei 2,,,
Downhill Mountain Bike Racing,,,
Downhill Snow,,,
Dracula 2: The Last Sanctuary,,,
Dracula: The Resurrection,,,
Dragon Ball GT: Final Bout,,,
Dragon Ball Z Legends(JP),,,
Dragon Ball Z: Ultimate Battle 22,,,
Dragon Beat: Legend of Pinball,,,
DragonHeart,,,
Dragon Knight 4,,,
Dragon Knights Glorious,,,
Dragon Quest IV,,,
Dragonseeds,,,
Dragstars,,,
Dragon Tales: Dragon Seek,,,
Dragon Valor,,,
Dragon Warrior VII,,,
Dream Generation,,,
Driver: You Are the Wheelman,,,
Driver 2,,,
Driver & Driver 2 Twin Pack,,,
Ducati World Championship Racing,,,
Ducati World Racing Challenge,,,
Duel Masters: Sempai Legends!,,,
Duke Nukem,,,
Duke Nukem: A Time to Kill,,,
Duke Nukem: Land of the Babes,,,
Duke Nukem: Total Meltdown,,,
Dukes of Hazzard,,,
Dukes of Hazzard: Racing for Home,,,
Dukes of Hazard II: Daisy Dukes it Out,,,
Dune (Frank Herbert's Dune),,,
Dune 2000,,,
Dungeon Creator,,,
Dynamite Boxing,,,
Dynasty Warriors,,KOEI,
Nombre del Juego Inglés / Español,Creador,Publicador,Fecha de Salida
Eagle One: Harrier Attack,,,
Earthworm Jim 2,,,
Easter Bunny's Big Day,,,
Echo Night,From Software,Agetec,31 de julio de 1999
Echo Night 2,,,
ECW Anarchy Rulz,,,
ECW Hardcore Revolution,,,
Eggs of Steel,,,
Egypt,,,
Egypt II,,,
Ehrgeiz,,,
Einhänder,Squaresoft,"Squaresoft,SCA",20 de noviembre de 1997
Eithéa,,,
Elemental Gearbolt,,,
Elemental Pinball,,,
Eliminator,,,
Emperor Majhong,,,
Enigma,,,
EOS: Edge of Skyhigh,,,
Epidemic,,,
Equestriad 2001,,,
Equestrian Showcase,,,
ESPN Extreme Games(1Xtreme),,,
ESPN Extreme Games 2,,,
ESPN Great Outdoor Games: Bass Fishing,,,
ESPN MLS GameNight,,,
ESPN X-Games Pro Boarder,,,
E.T. the Extra-Terrestrial: Interplanetary Mission,,,
Eternal Eyes,,,
Euro 2000,,,
Europe Racer,,,
European Super League,,,
Everybody's Golf,,,
Everybody's Golf 2,,,
Every Child Can Succeed 1,,,
Every Child Can Succeed 2,,,
Every Child Can Succeed 3,,,
Every Child Can Succeed 4,,,
Every Child Can Succeed 5,,,
Every Child Can Succeed 6,,,
Every Child Can Succeed 7,,,
Evil Dead: Hail to the King,,,
Evil Zone(Eretzvajuen Japón),,,
Evo's Space Adventure,,,
Excalibur 2555 A.D.,,,
Exector,,,
Exhumed,,,
Expendable,,,
Explosive Racing,,,
Extreme 500,,,
Extreme Ghostbusters,,,
Extreme Ghostbusters: Ultimate Invasion,,,
Extreme Pinball,,,
Extreme Snowboarding,,,
Nombre del Juego Inglés / Español,Creador,Publicador,Fecha de Salida
F1 2000,,,
F1 Championship '99,,,
F1 Championship Season 2000,,,
F1 Racing Championship,,,
,,,
F1 World Grand Prix,,,
F1 World Grand Prix 2000,,,
FA Manager,,,
FA Premier League Football Manager 2000,,,
FA Premier League Football Manager 2001,,,
FA Premier League Stars,,,
FA Premier League Stars 2001,,,
Fade to Black,,,
Faire Games: Language Arts,,,
Faire Games: Mathematics,,,
Family Connection Demonstration,,,
Family Card Game Fun Pack,,,
Family Feud,,,
Family Game Pack,,,
Fantastic Four,,,
Farland Saga,,,
Farland Story: Yottsu no Fuuin,,,
Fatal Fury: Wild Ambition,,,
Fear Effect,,,
Fear Effect 2: Retro Helix,,,
FEDA 2: White Surge the Platoon,,,
Felony 11-79,,,
FIFA 96,,,
FIFA 97,,,
FIFA 98,,,
FIFA Road To World Cup 98,,,
FIFA 99,,,
FIFA 2000,,,1999
FIFA 2001,,,30 de octubre de 2000
The Fifth Element,,,
Fighter Maker,,,
Fighter's Impact,,,
Fighting Force,,,
Fighting Force 2,,,
Final Doom,id Software,,19962 de octubre de 1997
Final Fantasy Origins,,,
Final Fantasy Anthology,,,
Final Fantasy VI,,,
Final Fantasy VII,"Square Co., Ltd.","Square Co., Ltd.",
Final Fantasy VII International,,,
Final Fantasy VIII,"Square Co., Ltd.","Square Co., Ltd.",
Final Fantasy IX,,,
Final Fantasy Chronicles,,,
Final Fantasy Collection,,,
Final Fantasy Tactics,,,
The Final Round,,,
Fire ProWrestling G,,,
Firebugs,,,
Firestorm Thunderhawk 2,,,
Firo and Klawd,,,
First Kiss Story,,,
Fisherman's Bait,,,
Fisherman's Bait 2: Big Ol' Bass,,,
Fisherman's Bait 3,,,
Fisherman's Bait: A Bass Challenge,,,
Fist of the North Star,,,
Flintstones Bedrock Bowling,,,
Floating Runner,,,
Fluid,,,
Football Madness,,,
Ford Racing,,,
Ford Truck Mania,,,
Formation Soccer '97: The Road To France,,,
Formula 1 97,,,
Formula 1 98,,,
Formula GP,,,
Formula Karts Special Edition,,,
Fórmula Nippon,,,
Formula One,,,
Formula One 99,,,
Formula One 2000,,,
Formula One 2001,,,
Formula One Arcade,,,
Forsaken,Probe Entertainment,Acclaim Entertainment,30 de abril de 1998 /1999 /3 de junio de 1998
Fox Hunt,,,
FoxKids.com Micro Maniacs,,,
Fox Sports Gold '99,,,
Fox Sports Golf '99,,,
Fox Sports NBA Basketball 2000,,,
Fox Sports Soccer '99,,,
Frank Herbert's Dune,,,
Frank Thomas Big Hurt Baseball,,,
Freestyle Boardin' '99,,,
Freestyle Motocross: McGrath vs. Pastrana,,,
Freestyle Scooter,,,
Frenzy!,,,
Frogger,,,
Frogger 2: Swampy's Revenge,,,
From TV Animation: One Piece Grand Battle!,,,
Front Mission 1st,,,
Front Mission Second),,,
Front Mission 3,,,
Front Mission Alternative,,,
Future Cop: LAPD,Electronic Arts,Electronic Arts,
Future Cop L.A.P.D. 2100,,,
Future Racer,,,
Fuun Gokuu Ninden,,,
Nombre del Juego Inglés / Español,Creador,Publicador,Fecha de Salida
G-Darius,,,
G-Police,,,
G-Police 2: Weapons of Justice,,,
Gaia Master,,,
Galaga: Destination Earth,,,
Galaxian^3,,,
Galaxy Fraulein Yuna: Final Edition,,,
Galerians,,,
Gallop Racer,,,
Gallop Racer (JP),,,
The Game of Life,,,
Gamera 2000,,,
Ganbare Goemon Uchukaizoku Akogingu,,,
Ganbare Goemon! Kuranarakoi! Ayashigeikka no Kuroikage,,,
Gatekeepers,,,
Gauntlet Legends,,,
Gekido,,,
Gekioh: Shooting King,,,
Gekioh: Shooting King Shienru,,,
Genei Tougi: Shadow Struggle,,,
George Graham's Player Manager 99,,,
Gerry López Surf Riders,,,
Getter Robo Daikessen!,,,
Gex,,,16 de noviembre de 1994)
Gex: Deep Cover Gecko,,,1 de marzo de 1999
Gex: Enter the Gecko,,,1998
Ghost in the Shell,,,
Ghoul Panic,,,
Glover,Interactive Studios,Hasbro Interactive,
Goal Storm,,,
Goal Storm '97,,,
Goiken Muyou II,,,
Gokujou Parodius da! Deluxe Pack,,,
Gold and Glory: The Road to El Dorado,,,
Golden Goal,,,
Golden Nugget,,,
Goldie,,,
Gouketuji Ichizoku 2: Chottodake Saikyou Densetsu,,,
GP Challenge,,,
Gradius Deluxe Pack,,,
Gradius Gaiden,,,
Gran Turismo,Sony,Polyphony Digital,30 de abril de 1998
Gran Turismo & Motor Toon Grand Prix 2 Twin Pack,,,
Gran Turismo 2,,,
Grand Slam 97,,,
Grand Theft Auto,DMA Design,BMG InteractiveASC Games,
Grand Theft Auto 2,DMA Design,Rockstar Games,
Grand Theft Auto Compilation,,,
Grand Theft Auto Collectors Edition,,,17 de abril de 2004
Grand Theft Auto: London 1969,,,
Grand Theft Auto: The Director's Cut,,,
Grand Tour Racing '98,,,
Grandia,,,
The Granstream Saga,Shade,JPNSCEINATHQPALARC Entertainment,JPN6 de noviembre de 1997NA30 de junio de 1998PAL26 de febrero de 1999
Grid Runner,,,
The Grinch,,,
Grind Session,,,
Growlanser,,,
Grudge Warriors,,,
Guardian of Darkness,,,
Guardian's Crusade,,,
Gubble,,,
Guilty Gear,,,
GuitarFreaks,,,
GuitarFreaks Append: 2nd Mix,,,
Gunbird(Mobile Light Forceen Europa),,,
Gundam 0079: The War For Earth,,,
Gundam Battle Assault,,,
Gundam Battle Assault 2,,,
Gundam: Char's Counterattack,,,
Gundam: The Battle Master,,,
Gunfighter: The Legend of Jesse James,,,
Gungage,,,
GUNNM Martian Memory,,,
Gunship,,,
"Guntu Western Front June, 1944",,,
Nombre del Juego Inglés / Español,Creador,Publicador,Fecha de Salida
Hai-Shin 2,,,
Half Life,,,
Hardball '99,,,
Hardball 5,,,
Hard Boiled,,,
Hard Edge,,,
Hardcore 4x4,,,
Harmful Park[3],Sky Think Systems,Sky Think Systems,14 de febrero de 1997
Harry Potter y la cámara secreta,,EA Games,
Harry Potter y la piedra filosofal,,,
Harukaze Sentai V-Force,,,
Harvest Moon: Back To Nature,Victor Interactive Software,"Natsume Co., Ltd",
Haunted Junction: Seitokai Badge wo Oe!,,,
HBO Boxing,,,
Head to Toe 1,,,
Head to Toe 2,,,
Head to Toe 3,,,
Head to Toe 4,,,
Heart of Darkness,,,
Heaven's Gate,,,
Hellboy: Asylum Seeker,,,
Hell Night,,,
Hello Kitty's Cube Frenzy,,,
Hello Kitty: Cute de Cute,,,
Help,,,
Help 2001,,,
Herc's Adventures,,,
Hermie Hopperhead,Sony Computer Entertainment,Hudson Soft,14 de diciembre de 1995
Hermie Hopperhead: Especial Edition,Sony Computer Entertainment,"Yuke, ltd",20 de octubre de 2010
HeXen,,,
Hi-Octane,,,
Hidden and Dangerous,,,
High Heat Baseball 2000,,,
High Heat Major League Baseball 2002,,,
The Hive,,,
Hogs of War,,,
Hogs of War & Worms Twin Pack,,,
Hokuto no Ken,,,
Hokuto no Ken: Seiki Matsukyu Seishi Densetsu,,,
The Hoobs,,,
Hooters Road Trip,,,
Hoshigami: Ruining Blue Earth,,,
Hot Shot,,,
Hot Shots Golf,,,
Hot Shots Golf 2,,,
Hot Wheels: Extreme Racing,,,
Hot Wheels: Turbo Racing,,,
Hugo,ITE Media ApS,ITE Media ApS,
Hugo: Black Diamond Fever,,,
Hugo: The Evil Mirror,,,
Hugo: Frog Fighter,,,
Hugo 2,ITE Media ApS,ITE Media ApS,
Hugo 3D,,,
Hunchback of Notre Dame,,,
The Hunter,,,
Hunter X Hunter: Maboroshi no Greed Island,,,
Hunter X Hunter: Ubawareta Aura Stone,,,
Hyakujuu Sentai GaoRanger,,,
Hybrid,,,
Hydro Thunder,Midway,Midway,
Hyouryuu Ki: The Reportage Beyond the Sea,,,
Hyper Formation Soccer,,,
Nombre del Juego Inglés / Español,Creador,Publicador,Fecha de Salida
IHRA Drag Racing,,,
Image Fight and X-Multiply,,,
Imodoki no Vampire: Bloody Bride,,,
Impact Racing,,,
In Cold Blood,,,
Incredible Crisis,,,
The Incredible Hulk: The Pantheon Saga,,,
Independence Day,,,
Indy 500,,,
Infestation,,,
Initial D,,,
Inspector Gadget: Gadget's Crazy Crisis,,,
Inspector Gadget: Gadget's Crazy Maze,,,
Intelligent Qube,,,
Intellivision Classic Games,,,
International Cricket Captain 2000,,,
International Cricket Captain 2001 Ashes Edition,,,
International Cricket Captain 2002,,,
International Moto X,,,
International Rally,,,
International Superstar Soccer Deluxe,Konami,Konami,
International Superstar Soccer,,,
International Superstar Soccer '98,,,
International Track & Field,,,
International Track & Field 2,,,
International Track & Field 2000,,,
In the Hunt,,,
InuYasha: A Feudal Fairy Tale,,,
Invasion,,,
Invasion from Beyond,,,
Iron and Blood,,,
Iron Man and X-O Manowar in Heavy Metal,,,
Iron Soldier 3,,,
Irritating Stick,,,
ISS Pro,,,
ISS Pro 98,,,
ISS Pro Evolution,,,
ISS Pro Evolution 2,,,
The Italian Job,,,
Iznogoud,,,
Nombre del Juego Inglés / Español,Creador,Publicador,Fecha de Salida
J's Racing,,,
Jackie Chan Stuntmaster,Radical Entertainment,Sony,29 de marzo de 2000
Jade Cocoon: Story of Tamamayu,Genki,Crave EntertainmentUbisoft,3 de diciembre de 199829 de julio de 199927 de abril de 2001
James Bond: 007 Racing[4],Eutechnyx,Electronic Arts,20 de noviembre de 200020 de diciembre de 2000
James Bond: Tomorrow Never Dies[5],Black Ops Entertainment,Electronic Arts,17 de noviembre de 199910 de febrero de 200022 de septiembre de 2000
James Bond: 007 Twin Pack Tomorrow Never Dies & The World Is Not Enough[6],Black Ops Entertainment,Electronic Arts,13 de septiembre de 2002
James Bond 007: The World is Not EnoughNeoseeker,Black Ops Entertainment,Electronic Arts,18 de octubre de 2000
Jarrett & Labonte Stock Car Racing,Codemasters,Codemasters,
Jeanette Lee's Virtual Pool,,,
Jeff Gordon XS Racing,,,
Jeff Wayne's War of the Worlds,,,
Jeopardy!,,,
Jeopardy! 2,,,
Jeremy McGrath Supercross '98,,,
Jeremy McGrath Supercross 2000,Acclaim Entertainment,Acclaim Entertainment,28 de febrero de 20002000
Jersey Devil,A2M,Sony,diciembre de 199731 de mayo de 199824 de junio de 1999
Jet Ace,,,
Jet Moto,SingleTracLocomotive Games,Sony,2000
Jet Moto 2,,,
Jet Moto 3,,,
Jet Racer,,,
Jet Rider,,,
JGTC: All-Japan Grand Touring Car Championship,,,
Jigsaw Madness,,,
Jikkyou American Baseball,,,
Jikkyou Oshaberi Parodius: Forever With Me,,,
Jimmy Johnson VR Football,,,
Jimmy Johnson VR Football '98,,,
Jimmy White's Cue Ball 2,,,
Jingle Cats,,,
Jinx,,,
J-League Jikkyou Winning Eleven 2000,,,
J-League Winning Eleven 3,,,
J-League Winning Eleven '97,,,
J-League Winning Eleven '98-'99,,,
JoJo's Bizarre Adventure,,,
Johnny Bazookatone,,,
Jonah Lomu Rugby,Codemasters,Rage Software,31 de marzo de 1997
Jonah Lomu Rugby & Brian Lara Cricket Twin Pack,,,
Judge Dredd,,,
Juggernaut,,,
Jumping Flash!,Exact,Sony,199528 de abril de 19951 de octubre de 1995
Jumping Flash! 2,Exact,Sony,26 de abril de 199631 de agosto de 19961 de octubre de 1996
JumpStart Wildlife Safari Field Trip,,,
The Jungle Book,,,
Jungle Book: Rhythm N'Groove,,,
Junior Sports Football,,,
Jupiter Strike,,,
Jurassic Park: The Lost World,,,
Jurassic Park: Warpath,,,
Nombre del Juego Inglés / Español,Creador,Publicador,Fecha de Salida
K-1 The Arena Fighters,,,
K-1 Grand Prix,,,
K-1 Revenge,,,
K9.5: Live in Airedale,,,
K9.5: The Hollywood Premiere,,,
K9.5: The Tail-Wag Tour,,,
K9.5: We are the Dogs,,,
K9.5: WebTunes,,,
Kaettekita Cyborg Kuro-Chan,,,
Kagero: Deception 2,Tecmo,TecmoVirgin Interactive,23 de julio de 199830 de septiembre de 199810 de septiembre de 1999
Kamen Rider,,,
Kamen Rider Agito,,,
Kamen Rider Kūga,,,
Kamen Rider: The Bike Race,,,
Kart Challenge,,,
Kartia: World of Fate,,,
Kattobi Tune,,,
Kaze no Notam,,,
KazMania: Chaos in KazMania,,,
KazMania: Trail of Gems,,,
Kekkon ~Marriage~,,,
Kensei: Sacred Fist,,,
Kickboxing Knockout,,,
Kidou Keisatsu Patlabor: Game Edition,,,
Kidou Senshi Gundam: Giren no Yabou- Zeon no Keifu,,,
Kileak: The Blood,,,
Kileak: The DNA Imperative,,,
Killer Loop,,,
Killing Zone,,,
King of Bowling 2,,,
King of Bowling 3,,,
The King of Fighters '95,SNK,SNK,25 de julio de 1995
The King of Fighters '96,SNK,SNK,30 de julio de 1996
The King of Fighters '97,SNK,SNK,28 de julio de 1997
The King of Fighters '98,SNK,SNK,23 de julio de 1998
The King of Fighters '99,SNK,SNK,22 de julio de 1999
The King of Fighters: Kyo,,,
Kingsley,,,
Kingsley's Adventure,,,
King's Field,,,
King's Field II,,,
King's Field: The Ancient City,,,
Kirikou,,,
KISS Pinball,,,
Kisetsu wo Dakishimete,,,
Kitchen Panic,,,
KKND Krossfire,Krome Studios Melbourne,Krome Studios Melbourne,31 de octubre de 1998
Klonoa: Door to Phantomile,Namco,Namco,11 de julio de 1997marzo de 19985 de junio de 1998
Klonoa Beach Volleyball,Namco,Namco,2002
Knockout Kings 99,,,
Knockout Kings 2000,,,
Knockout Kings 2001,,,
Konami Antiques MSX Collection Vol.1,,,
Konami Arcade Classics,Konami,Konami,1999
Konami Open Golf,,,
Kotetsu Reiki: Steeldom,,,
Kotobuki Grand Prix,,,
Koudelka,Sacnoth,SNKInfogrames,16 de diciembre de 199929 de junio de 200029 de septiembre de 2000
Krazy Ivan,,,
Kula World,,,
Kuroi Hitomi no Noir: Cielgris Fantasm (Noir Yuex Noire),,,
Kurt Warner's Arena Football Unleashed,,,
Kururin Pa!,,,
Kurushi,,,
Kurushi Final,,,
Nombre del Juego Inglés / Español,Creador,Publicador,Fecha de Salida
Lagnacure,,,
The Land Before Time: Big Water Adventure,,,
The Land Before Time: Great Valley Racing Adventure,,,
The Land Before Time: Return to Great Valley,,,
Land Maker,,,
Langrisser I & II,,,
Largo Winch .//Commando Sar,,,
Las Vegas Casino,,,
The Last Blade,,,
Last Report,,,
Le Mans 24 Hours,,,
Legacy of Kain: Soul Reaver,,,
Legend,,,
The Legend of Dragoon,,,
Legend of Kartia,,,
Legend of Legaia,,,
Legend of Mana,,,
Legend Of Mulan,,,
Legend of Pocahontas,,,
Lego Island 2: The Brickster's Revenge,,,
Lego Racers,,,
Lego Rock Raiders,,,
Lego Stunt Rally,,,
Lemmings & Oh No More Lemmings,,,
Lethal Enforcers I & II,,,
Libero Grande,,,
Libero Grande International,,,
Lifeforce Tenka,,,
Lightning Legend,,,
Linda Cube Again,,,
Lion And The King,,,
Lion And The King 2,,,
Liquid Books: Amrita's Tree Credito and the Coyote,,,
Liquid Books: Far-Fetched Frontier Tales,,,
Liquid Books: Lety's Favorite Stories,,,
Liquid Books: Pop-Out Prose,,,
Liquid Books: The Adventures of Adelita and Bo,,,
Liquid Books: The Wandering Path,,,
Livewire,,,
LMA Manager,,,
LMA Manager 2001,,,
LMA Manager 2001 English Pack,,,
LMA Manager 2002,,,
Loaded,,,
Lode Runner,,,
Lode Runner Extra,,,
Lode Runner: The Legend Returns,,,
Lomax in Lemmingland,,,
London Racer,,,
London Racer II,,,
Lone Soldier,,,
Looney Tunes Racing,,,
Looney Tunes: Sheep Raider,,,
Lord of the Jungle,,,
Lost Vikings 2,,,
The Lost World: Special Edition,,,
Louvre,,,
Love and Destroy,,,
LSD: Dream Emulator,Asmik Ace Entertainment,,22 de octubre de 1998
Lucifer Ring,,,
Lucky Luke,,,
Lucky Luke: Western Fever,,,
Lunar: Silver Star Story Complete,,,
Lunar 2: Eternal Blue Complete,,,
Lupin III: Chateau de Cagliostro Saikai,,,
Nombre del Juego Inglés / Español,Creador,Publicador,Fecha de Salida
M&Ms - Shell Shocked,,,
Machine Head,,,
Machine Hunter,,,
Macross Digital Mission VF-X,,,
Macross Plus Game Edition,,,
Macross VF-X 2,,,
Mad Stalker: Full Metal Force,,,
Madden NFL 97,,,
Madden NFL 98,,,
Madden NFL 99,,,
Madden NFL 2000,,,
Madden NFL 2001,,,
Madden NFL 2002,,,
Madden NFL 2003,,,
Madden NFL 2004,,,
Madden NFL 2005,,,
The Maestromusic,,,
The Maestromusic: Christmas Edition,,,
The Maestromusic: Encore,,,
Magic Carpet,,,
Magic: The Gathering: Battlemage,,,
Magical Drop III,,,
Magical Drop F,,,
Major League Baseball 98,,,
Major League Baseball 99,,,
Major League Baseball 2000,,,
Major League Baseball 2001,,,
Major League Baseball 2002,,,
Major League Baseball 2003,,,
Major League Baseball 2004,,,
Major League Baseball 2005,,,
Major League Baseball Bottom of the 9th 99,,,
Makeruna! Makendo 2,,,
Marble Master,,,
March Madness 98,,,
Mars Moose Cosmic Quest 1: City Sights,,,
Mars Moose Cosmic Quest 2: Fairy Tale Island,,,
Mars Moose Cosmic Quest 3: Race Through France,,,
Mars Moose Stay & Play 1: In the Clubhouse,,,
Mars Moose Stay & Play 2: In Mars' Bedroom,,,
Mars Moose Stay & Play 3: In Lonnie's Classroom,,,
Mars Moose Walkabout 1: The Natural History Museum,,,
Mars Moose Walkabout 2: The Shakespeare Festival,,,
Mars Moose Walkabout 3: World Sports Day,,,
Martial Beat,,,
Martial Beat 2,,,
Martian Gothic: Unification,,,
Marvel Super Heroes,,,
Marvel Super Heroes vs. Street Fighter,,,
Marvel vs. Capcom EX,,,
Mary-Kate and Ashley: Crush Course,,,
Mary-Kate and Ashley: Magical Mystery Mall,,,
Mary-Kate and Ashley: Winner's Circle,,,
Mary King Riding Star,,,
Mass Destruction,,,
Master of Monsters: Disciples of Gaia,,,
Math Gallery Collection 1,,,
Math Gallery Collection 2,,,
Math on the Move!: Addition/Subtraction Advanced,,,
Math on the Move!: Addition/Subtraction Intermediate,,,
Math on the Move!: Multiplication/Division Advanced,,,
Math on the Move!: Multiplication/Division Intermediate,,,
Matt Hoffman's Pro BMX,,,
Max Power Racing,,,
Max Surfing 2000,,,
Maximum Force,,,
McGrath Vs. Pastrana Freestyle Motocross,,,
MDK,,,
MechWarrior 2,,,
Medal of Honor,,,
Medal of Honor: Underground,,,
Medal Of Honor & Medal Of Honor: Underground Twin Pack,,,
MediEvil,,Sony,
MediEvil 2,,,
Mega Man 8(Rockman 8en Japón),,,
Mega Man 8 Anniversary Collector's Edition,,,
Mega Man Battle and Chase,,,
Mega Man Legends(Rockman DASHen Japón),,,
Mega Man Legends 2(Rockman DASH 2en Japón),,,
Mega Man X3,,,
Mega Man X4(Rockman X4en Japón),,,
Mega Man X5(Rockman X5en Japón),,,
Mega Man X6(Rockman X6en Japón),,,
Megatudo 2096,,,
Memories Off,,,
Men In Black: The Game,,,
Men In Black - The Series: Crashdown,,,
Metal Fist,,,
Metal Gear Solid,Konami,Konami,
Metal Gear Solid: Integral,Konami,Konami,
Metal Gear Solid Twin Pack,Konami,Konami,
Metal Gear Solid: VR Missions,Konami,Konami,
Metal Slug,,,
Metal Slug X,,,
Michael Owen's WLS 99,,,
Michael Schumacher Racing World Kart 2002,,,
Michelin Rally Masters: Race of Champions,,,
Mickey's Wild Adventure,,,
Micro Machines V3,,,
Micro Maniacs,,,
Midnight In Vegas,,,
Midnight Run,,,
Mighty Hits Special,,,
Mike Tyson Boxing,,,
Millie Miglia,,,
Millennium Soldier: Expendable,,,
MiniMoni: Shaker and Tambourine! Dapyon!,,,
Miracle Space Race,,,
The Misadventures of Tron Bonne,,,
Miss Spider's Tea Party,,,
Missile Command,,,
The Mission,,,
Mission: Impossible,,,
Mitsumete Knight,,,
Mitsumete Knight R Daibouken hen,,,
Mix TV Presents: Eminem,,,
MLB 98,,,
MLB 99,,,
MLB 2000,,,
MLB 2001,,,
MLB 2002,,,
MLB 2003,,,
MLB 2005,,,
MLB Pennant Race,,,
Mobil 1: Rally Championship,,,
Mobile Armor,,,
Mobile Light Force,,,
Mobile Suit Gundam: Perfect One Year War,,,
Mobile Suit Z-Gundam,,,
Moho,,,
Mona & Moki: Drive Me Wild,,,
Mona & Moki: Drive Me Wilder,,,
Monaco Grand Prix Racing Simulation,,,
Monkey Hero,,,
Monkey Magic,,,
Monopoly,,,
Monster Bass!,,,
Monster Force,,,
Monster Racer,,,
Monster Hunter Freedom,Capcom,Capcom,
Monster Hunter Freedom 2,Capcom,Capcom,
Monster Rancher,,,
Monster Rancher 2,,,
Monster Rancher Battle Card: Episode II,,,
Monster Rancher Hop-A-Bout,,,
Monster Seed,,,
Monte Carlo Games Compendium,,,
Moon,,,
Mort the Chicken,,,
Mortal Kombat II,,,
Mortal Kombat 3,,,
Mortal Kombat 4,,,
Mortal Kombat Mythologies: Sub-Zero,,,
Mortal Kombat: Special Forces,,,
Mortal Kombat Trilogy,,,
Moses Prince Of Egypt,,,
Moto Racer,,,
Moto Racer 2,,,
Moto Racer 3: World Tour,,,
Motocross Mania,,,
Motocross Mania 2,,,
Motor Toon Grand Prix,,,
Motor Toon Grand Prix 2,,,
Motorhead,,,
Motormash,,,
Motteke Tamago with Ganbare Kamonohasi,,,
Mr. Domino,,,
Mr. Driller,,,
Mr. Driller G,,,
Ms. Pac-Man Maze Madness,,,
MTB Dirt Cross,,,
MTV Celebrity Deathmatch,,,
MTV Sports: Pure Ride,,,
MTV Sports: Skateboarding featuring Andy MacDonald,,,
MTV Sports: Snowboarding,,,
MTV Sports: T.J. Lavin's Ultimate BMX,,,
The Mummy,,,
Muppet Monster Adventure,,,
Muppet Race Mania,,,
Music,Jester Interactive,Codemasters,
Music 2000,Jester Interactive,Codemasters,
My Disney Kitchen,,,
Myst,,,
Nombre del Juego Inglés / Español,Creador,Publicador,Fecha de Salida
N.GEN Racing,,,
N2O: Nitrous Oxide,,,
Nagano Winter Olympics 98,,,
Namco Museum Encore,,,
NAMCO Museum Vol. 1,Namco,Namco,
NAMCO Museum Vol. 2,Namco,Namco,
NAMCO Museum Vol. 3,Namco,Namco,
NAMCO Museum Vol. 4,Namco,Namco,
NAMCO Museum Vol. 5,Namco,Namco,
Nanotek Warrior,,,
Naruto: Shinobi no Sato no Jintori Kassen,,,
NASCAR 98,,,
NASCAR 99,,,
NASCAR 2000,,,
NASCAR 2001,,,
NASCAR Heat,,,
NASCAR Racers,,,
NASCAR Racing,,,
NASCAR Rumble,,,
NASCAR Thunder 2002,,,
NASCAR Thunder 2003,,,
NASCAR Thunder 2004,,,
NBA Fastbreak 98,,,
NBA Hangtime,,,
NBA Hoopz,,,
NBA In the Zone,,,
NBA In the Zone 2,,,
NBA In the Zone 98,,,
NBA In the Zone 99,,,
NBA In the Zone 2000,,,
NBA Jam Extreme,,,
NBA Jam Tournament Edition,,,
NBA Live 96,,,
NBA Live 97,,,
NBA Live 98,,,
NBA Live 99,,,
NBA Live 2000,,,
NBA Live 2001,,,
NBA Live 2002,,,
NBA Live 2003,,,
NBA Pro 98,,,
NBA Pro 99,,,
NBA ShootOut 97,,,
NBA ShootOut 98,,,
NBA ShootOut 2000,,,
NBA ShootOut 2001,,,
NBA ShootOut 2002,,,
NBA ShootOut 2003,,,
NBA ShootOut 2004,,,
NBA Showtime: NBA on NBC,,,
NBA Tonight,,,
NCAA 99,,,
NCAA Basketball Final Four 97,,,
NCAA Final Four 99,,,
NCAA Final Four 2000,,,
NCAA Final Four 2001,,,
NCAA Football 98,,,
NCAA Football 99,,,
NCAA Football 2000,,,
NCAA Football 2001,,,
NCAA Gamebreaker,,,
NCAA Gamebreaker 98,,,
NCAA Gamebreaker 99,,,
NCAA Gamebreaker 2000,,,
NCAA Gamebreaker 2001,,,
NCAA March Madness 98,,,
NCAA March Madness 99,,,
NCAA March Madness 2000,,,
NCAA March Madness 2001,,,
Necronomicon - The Dawning Of Darkness,,,
Nectaris: Military Madness,,,
The Need for Speed,,,
Need for Speed II,,,
Need for Speed III: Hot Pursuit,,,
Need for Speed: High Stakes,,,
Need for Speed 4: Road Challenge,,,
Need for Speed 5: Porsche 2000,,,
Need for Speed 5: Porsche 2000 & Moto Racer 2 Twin Pack,,,
Need for Speed: Porsche Unleashed,,,
Need for Speed: V-Rally,,,
Need for Speed: V-Rally 2,,,
New Japan Pro Wrestling: Toukon Retsuden,,,
Newman/Haas Racing,,,
The Next Tetris,,,
NFL Blitz,,,
NFL Blitz 2000,,,
NFL Blitz 2001,,,
NFL Full Contact,,,
NFL Gameday,,,
NFL Gameday 98,,,
NFL Gameday 99,,,
NFL Gameday 2000,,,
NFL Gameday 2001,,,
NFL Gameday 2002,,,
NFL Gameday 2003,,,
NFL Gameday 2004,,,
NFL Gameday 2005,,,
NFL Quarterback Club 97,,,
NFL Xtreme,,,
NFL Xtreme 2,,,
N-Gauge Unten Kibun Game: Gatan Goton,,,
NHL 96,,,
NHL 97,,,
NHL 98,,,
NHL 99,,,
NHL 2000,,,
NHL 2001,,,
NHL Blades of Steel 2000,,,
NHL Breakaway 98,,,
NHL Championship 2000,,,
NHL Faceoff,,,
NHL Faceoff 97,,,
NHL Faceoff 98,,,
NHL Faceoff 99,,,
NHL Faceoff 2000,,,
NHL Faceoff 2001,,,
NHL Hockey 97,,,
NHL Open Ice,,,
NHL Powerplay 96,,,
NHL Powerplay 98,,,
NHL Rock the Rink,,,
Nice Cats,,,
Nicktoons Racing,,,
Nightmare Creatures,,,
Nightmare Creatures II,,,
Ninja Jaja Marukun: Onikiri Ninpoucho,,,
Ninja: Shadow of Darkness,,,
Ninpu Sentai Harikenger,,,
Nitoshinden,,,
No Fear Downhill Mountain Biking,,,
No One Can Stop Mr. Domino!,,,
Noddy's Magical Adventure,,,
NOel: Not Digital,,,
Noon,,,
Norse By Norsewest,,,
Novastorm,,,
Nuclear Strike,,,
NuPa: Numeric Paint Puzzle,,,
Nombre del Juego Inglés / Español,Creador,Publicador,Fecha de Salida
Obee: Tale of the Circus,,,
Ocean's Dream,,,
Oddworld: Abe's Exoddus,Oddworld Inhabitants,GT Interactive,
Oddworld: Abe's Oddysee,Oddworld Inhabitants,GT Interactive,
O.D.T.,,,
Off-World Interceptor Extreme,,,
Ogre Battle,,,
Oha Star Dance Dance Revolution,,,
Ojyousama Express,,,
Olympic Soccer,,,
Olympic Summer Games,,,
Omega Assualt,,,
Omega Boost,,,
Omikron,,,
One,,,
One on One,,,
One Piece Grand Battle 2,,,
One Piece Mansion,,,
Option Tuning Car Battle,,,
Option Tuning Car Battle 2,,,
Ore no Ryori,,,
OverBlood,,,
OverBlood 2,,,
Overboard,Psygnosis,Psygnosis,
Over Drivin' Skyline Memorial,,,
Nombre del Juego Inglés / Español,Creador,Publicador,Fecha de Salida
P.K.'s Math Studio,,,
P.K.'s Place: Carlos at the Races,,,
P.K.'s Place: Daphne and the Seventh Wonder,,,
P.K.'s Place: Hoopo the Seal,,,
P.K.'s Place: Party on the Patio,,,
PacaPaca Passion,,,
Pac-Man World,Namco,Namco,1999
Pajama Sam,,,
Pajama Sam: You Are What You Eat From Your Head To Your Feet,,,
PAL: Shinken Densetsu,,,
Pandemonium,Crystal Dynamics,,
Pandemonium 2,,,
Panzer Bandit,,,
Panzer Front,,,
Panzer Front bis.,,,
Panzer General,SSI,SSI,1995
Panzer General Assault,,,
Paperboy,,,
Paradise Casino,,,
PaRappa the Rapper,NaNaOn-Sha,SCEI,
Parasite Eve,,,
Parasite Eve II,,,
Parodius,,,
Paro Wars,,,
Patriotic Pinball,,,
Pax Corpus,,,
Peak Performance,,,
Penny Racers,,,
Pepe la historia de un pepino,,,
Pepsiman,KID,KID,1999
Perfect Assassin,,,
Perfect Performer: The Yellow Monkey,,,
Perfect Weapon,,,
Persona,,,
Persona 2: Innocent Sin,,,
Persona 2: Eternal Punishment,,,
Pet In TV,,,
Peter Jacobsen's Golden Tee Golf,,,
PGA Tour 96,,,
PGA Tour 97,,,
PGA Tour 98,,,
Philosoma,,,
Phix: The Adventure,,,
Pilot Nina Rou,,,
Pinball Power,,,
Pink Panther,,,
Pinobee,,,
Pipe Dreams 3D,,,
Pitball,,,
Pitfall 3D: Beyond the Jungle,,,
Planet Laika,,,
Planet of the Apes,,,
Play with the Teletubbies,,,
Player Manager,,,
Player Manager 2000,,,
Pocket Fighter,,,
Pocket MuuMuu,,,
PO'ed,,,
Point Blank,Namco,Namco,
Point Blank 2,Namco,Namco,
Point Blank 3,Namco,Namco,
Polaris SnoCross,,,
Polaris SnoCross 2001,,,
Policenauts,,,
Policenauts Private Collection,,,
Pong,,,
Pooh's Party Games,,,
Pool Hustler,,,
Pool Shark,,,
Pop'n Music,,,
Pop'n Music 2,,,
Pop'n Music 3 Append Disc,,,
Pop'n Music 4 Append Disc,,,
Pop'n Music 5,,,
Pop'n Music 6,,,
Pop'n Music: Animation Melody,,,
Pop'n Music: Disney Tunes,,,
Pop'n Pop,,,
Pop'n Tanks,,,
PoPoLoCrois,,,
PoPoLoCrois Monogatari II,,,
PoPoRoGue,,,
Popstar Maker,,,
Populous: The Beginning,,,
Porsche Challenge,,,
Potter's Point 2,,,
Power Play Sports Trivia,,,
Power Rangers Lightspeed Rescue,,,
Power Rangers Time Force,,,
Power Rangers Zeo Full Tilt Battle Pinball,,,
Powerserve,,,
Power Shovel,,,
Powerslave,,,
Power Soccer 2,,,
Power Spike Pro Beach Volleyball,,,
Powermove Pro Wrestling,,,
The Powerpuff Girls: Chemical X-Traction,,,
Poy Poy,,,
Poy Poy 2,,,
Premier Manager '98,,,
Premier Manager '99,,,
Premier Manager 2000,,,
Primal Rage,,,
Prime Goal,,,
Prince Naseem Boxing,,,
Princess Maker: Yumemiru Yosei,,,
Prism Court,,,
Prismland,,,
Pro 18 World Tour Golf,,,
Pro Backgammon,,,
Pro Body Boarding,,,
Pro Evolution Soccer,,,
Pro Evolution Soccer 2,,,
Pro Pinball,,,
Pro Pinball: Big Race USA,,,
Pro Pinball: Fantastic Journey,,,
Pro Pinball: Timeshock!,,,
Pro Racer,,,
The Pro Wrestling 2,,,
Professional Underground League of Pain,,,
Project Overkill,,,
Wikipedia: Horned Owl,,,
Psybadek,,,
Psychic Detective,,,
Psychic Force,,,
Psychic Force 2,,,
Psychometrer Eiji,,,
Puchi Carat,,,
Puma Street Soccer,,,
Puffy: Puffy no P.S. I Love You,,,
Punch the Monkey! Game Edition,,,
Punky Skunk,,,
Putter Golf,,,
Puyo Puyo Tsuu,,,
Puyo Puyo Sun,,,
Puyo Puyo Sun Ketteiban,,,
Puyo Puyo~n,,,
The Puzzle,,,
Puzzle Star Sweep,,,
Puzznic,,,
Nombre del Juego Inglés / Español,Creador,Publicador,Fecha de Salida
Q*Bert,,,
Qix Neo,,,
The Quaddle Family Mysteries: The Case of the Scarce Scarab Garden,,,
The Quaddle Family Mysteries: The Case of the Scarce Scarab Lobby/Kitchen,,,
The Quaddle Family Mysteries: The Case of the Scarce Scarab Parlor/Family Room,,,
Quake II,Id Software,,30 de septiembre de 19991999
Nombre del Juego Inglés / Español,Creador,Publicador,Fecha de Salida
R-Types,,,
R-Type Delta,,,
R?MJ: The Mystery Hospital,,,
Racing,,,
Racing Groovy VS,,,
Racing Lagoon,,,
Radikal Bikers X,,,
Rage Racer,,,
Rageball,,,
Raiden Project,,,
Railroad Tycoon II,,,
Rakugaki Showtime,,,
Rally Championship,,,
Rally Cross,,,
Rally Cross 2,,,
Rally Masters,,,
Rampage World Tour,,,
Rampage 2: Universal Tour,,,
Rampage Through Time,,,
Ranma 1/2: Battle Renaissance,,,
Rapid Racer,,,
Rapid Reload,,,
Rascal,Traveller's TalesPsygnosisJim Henson's Creature Shop,SonyPsygnosisTakara,31 de marzo de 199831 de marzo de 199818 de marzo de 1999
Rascal Racers,,,
Rat Attack,,,
Ray Tracers,,,
Ray Crisis,,,
Ray Tracers,,,
Rayman,,,
Rayman & Rayman 2: The Great Escape Twin Pack,,,
Rayman 2: The Great Escape,,,
Rayman Junior Level 1,,,
Rayman Junior Level 2,,,
Rayman Junior Level 3,,,
Rayman Brain Games,,,
Rayman Rush,,,
RayStorm,,,
Razor Freestyle Scooter,,,
Razor Racing,,,
RC de GO!,,,
RC Helicopter,,,
RC Revenge,,,
RC Stunt Copter,,,
Re-Volt,,,
Ready 2 Rumble Boxing,,,
Ready 2 Rumble Boxing: Round 2,,,
Real Bout Garou Densetsu Special: Dominated Mind,,,
Real Robot Battle Line,,,
Real Robots Final Attack,,,
ReBoot,,,
Red Asphalt,,,
Reel Fishing,,,
Reel Fishing II,,,
Refrain Love ~Anata ni Aitai~,,,
Refrain Love 2,,,
Reloaded,,,
The Renai Simulation ~Natsuiro Celebration~ SIMPLE 1500 Series Vol. 36,,,
Renegade Racers,,,
Rescue Copter,,,
Rescue Heroes: Molten Menace,,,
Rescue Shot,,,
Rescue Shot Bubibo,,,
Resident Evil(Biohazarden Japón),,Virgin Interactive Entertainment,
Resident Evil: Director's Cut(Biohazard Director's Cuten Japón),,Virgin Interactive Entertainment,
Resident Evil 2(Biohazard 2en Japón),,Virgin Interactive Entertainment,
Resident Evil 2 DualShock Edition(Biohazard 2: Dual Shock Editionen Japón),,Virgin Interactive Entertainment,
Resident Evil 3: Nemesis(Biohazard 3: Last Escapeen Japón),,,
Resident Evil: Survivor(Biohazard Gun Survivoren Japón),,,
Retro Force,,,
Return Fire,,,
Revolution X,,,
Rhapsody: A Musical Adventure,,,
Rhythm Beat,,,
Ridge Racer,,,
Ridge Racer Revolution,,,
Ridge Racer Type 4,,,
Rise 2: Resurrection,,,
Rising Zan: The Samurai Gunman,,,
Risk,,,
Rival Schools,,,
Riven: The Sequel to Myst,,,
Road Rash,,,
Road Rash 3D,,,
Road Rash: Jail Break,,,
The Road & Track Presents: Need for Speed,,,
Roadsters,,,
Road Writer,,,
Robbit Mon Dieu,,,
Robin Hood: The Siege,,,
Robo Cod,,,
Robo Pit,,,
Robo Pit 2,,,
Robotron X,,,
Rock & Roll Racing 2: Red Asphalt,,,
Rock 'Em Sock 'Em Robots Arena,,,
Rocket Power: Team Rocket Rescue,,,
RockMan,,,
RockMan 2,,,
RockMan 3,,,
RockMan 4,,,
RockMan 5,,,
Rockman 6,,,
Rockman Battle & Chase,,,
Rogue Trip,,,
Roland Garros French Open 2001,,,
Roll Away,,,
Rollcage,,,
Rollcage Stage II,,,
Romance of the Three Kingdoms IV,,,
Romance of the Three Kingdoms V,,,
Romance of the Three Kingdoms VI: Awakening of the Dragon,,,
Ronaldo V Football,,,
Ronin Blade,,,
Rosco McQueen: Firefighter Extreme,,,
"Roswell Conspiracies: Aliens, Myths, & Legends",,,
Rox,,,
RPG Maker,,,
RPG Tsukuru 4,,,
Rugby 2000,,,
Rugrats: Search for Reptar,,,
Rugrats in Paris: The Movie,,,
Rugrats Studio Tour,,,
Rugrats: Totally Angelica,,,
Runabout 2,,,
Running High,,,
Running Wild,,,
Rurouni Kenshin: Ishin Gekitouhen,,,
Rurouni Kenshin: Meiji Kenyaku Romantan: Juuyuushi Inbou Hen,,,
Rush Hour,,,
Rushdown,,,
Nombre del Juego Inglés / Español,Creador,Publicador,Fecha de Salida
S.C.A.R.S.,,,
Saboteur,,,
Sabre Marionette J: Battle Sabres,,,
Sabrina the Teenage Witch: A Twitch in Time!,,,
Saga Frontier,,,
Saga Frontier 2,,,
Sailor Moon,,,1996
Saiyuki: Journey West,,,
Salamander Deluxe Pack Plus,,,
Saltwater Fishing,,,
Sammy Sosa High Heat Baseball 2001,,,
Sammy Sosa Softball Slam,,,
Sampras Extreme Tennis,,,
Samurai Deeper Kyo,,,
Samurai Shodown 3: Blades of Blood(Samurai Spirits 3: Zankuro Musokenen Japón),,,
Samurai Shodown 4 Amakusa's Revenge(Samurai Spirits 4: Amakusa Kourinen Japón),,,
Samurai Shodown: Warrior's Rage(Samurai Spirits: Warrior's Rage 2en Japón),,,
Samurai Spirits 1,,,
Samurai Spirits 2,,,
Samurai Spirits Kenkyaku Shinan Pack,,,
Samurai Spirits Kenkaku Yubinan Pack,,,
San Francisco Rush,,,
Santa Claus Saves The Earth,,,
Sanvein,,,
Science is Elementary 1,,,
Science is Elementary 2,,,
Science is Elementary 3,,,
Scooby-Doo and the Cyber Chase,,,
Scooter Racing,,,
Scrabble,,,
SD Gundam G Generation,,,
SD Gundam G Generation F,,,
SD Gundam G Generation-F If,,,
SD Gundam G Generation F.I.F.,,,
SD Gundam G Generation Zero,,,
Sea-Doo HydroCross,,,
Sea Monkeys,,,
The Secret of Googol: Eggs All Around,,,
"The Secret of Googol: Googol Gulch - General Store, Match Arcade",,,
"The Secret of Googol: Googolfest - Arcade Isle, Moon, Feast Isle",,,
"The Secret of Googol: Googolfest - Party Isle, Toy Isle",,,
The Secret of Googol: Reshaping Googol - Castle,,,
The Secret of Googol: Reshaping Googol - The Submarine,,,
The Secret of Googol: Reshaping Googol - The Tower,,,
The Secret of Googol: Reshaping Googol - Under the Ocean,,,
"The Secret of Googol: The Googol Counting Fair - Corral, Fun House",,,
The Secret of Googol: The Googol Counting Fair - Midways,,,
Serei Hata RayBlade,,,
Sega VS Family,,,
Sentient,,,
Sentimental Graffiti Yakusoko,,,
Sentimental Journey,,,
Sentinel Returns,,,
Serial Experiments Lain,,,
Sesame Street Sports,,,
Sesame Street: Elmo's Letter Adventure,,,
Sesame Street: Elmo's Number Journey,,,
Sexy Parodius,,,
Shachou Eiyuuden: The Eagle Shooting Heroes,,,
Shadow Gunner: The Robot Wars,,,
Shadow Madness,,,
Shadow Man,,,
Shadow Master,,,
Shadow Tower,,,
Shake Kids,,,
Shaman King: Spirit of Shamans,,,
Shane Warne Cricket '99,,,
Shanghai: True Valor,,,
Shaolin,,,
Sheep,,,
"Sheep, Dog 'n' Wolf",,,
Sheep Raider,,,
Shellshock,,,
Shin Megami Tensei,Atlus,Atlus,31 de mayo de 2001
Shin Megami Tensei II,Atlus,Atlus,20 de marzo de 2002
Shin Megami Tensei if...,Atlus,Atlus,26 de diciembre de 2002
Shin Sedai Robot Senki: Brave Saga,,,
Shin Super Robot Taisen,,,
Shinseiki Evangelion: Eva to Yukai na Nakama Tachi,,,
Shinseiki Evangelion: Koutetsu no Girlfriend,,,
Shinseiki Evangelion: Koutetsu no Girlfriend 2,,,
Shinseiki GPX: Cyber Formula,,,
Shinsetsu Samurai Spirits Bushido Retsuden,,,
Shipwreckers!,,,
Shiritsu Justice Gakuen: Nekketsu Seisyun Nikki 2,,,
Shockwave Assault,,,
Shooter: Space Shot,,,
Shooter: Starfight Sanvein,,,
Short Fuses,,,
Shrek: Treasure Hunt,,,
Shutokou Battle Gaiden: Super Technic Challenge,,,
Shutokou Battle R,,,
Side By Side Challenge,,,
Side Pocket 3,,,
Sidewinder 2,,,
Silent Bomber,,,
Silent Hill,Konami,Konami,
Silent Iron,,,
Silhouette Mirage,,,
SilverLoad,,,
SimCity 2000,Maxis,EA Games,20 de diciembre de 1996
Sim Theme Park,,,
The Simpsons Wrestling,,,
Sitting Ducks,,,
Skeleton Warriors,,,
Ski Air Mix,,,
Skullmonkeys,,,
Sky Sports Football Quiz,,,
Sky Sports Football Quiz Season 02,,,
Skydiving Extreme,,,
Slam 'n' Jam 96,,,
Slam 'n' Jam 98,,,
Slamscape,,,
Slap Happy Rhythm Busters,,,
Slayers Royal,,,
Slayers Royal 2,,,
Slayers Wonderful,,,
Sled Storm,,,
Slots,,,
Small Soldiers,,,
Smash Court 2,,,
Smash Court Tennis,,,
Smurfs,,,
Smurf Racer,,,
Snatcher,,,
Snobow Kids Plus,,,
Sno-Cross Championship Racing,,,
Snow Racer,,,
Snowboard Racer,,,
Sokaigi,,,
Soccer 97,,,
Soccer Kid,,,
Sol Divide,,,
Sonata,,,
Sonic Wings,,,
Sorceror's Maze,,,
Sotsugyou III: Wedding Bell,,,
Sotsugyou M ~Seito Kaichou no Karei naru Inbou~,,,
Sotsugyou Vacation,,,
Soukaigi,,,
Soul Blade(Soul Edgeen Japón),,,
Soul of the Samurai,,,
South Park,,,
South Park: Chef's Luv Shack,,,
South Park Rally,,,
Soviet Strike,,,
Space Battleship Yamato,,,
Space Battleship Yamato 2,,,
Space Battleship Yamato Fan Disc Part 1,,,
Space Battleship Yamato: Eiyuu no Kiseki,,,
Space Battleship Yamato: Farewell Warriors of Love,,,
Space Debris,,,
Space Griffon VF-9,,,
Space Hulk: Vengeance of the Blood Angels,,,
Space Invaders,,,
Space Invaders Simple 1500,,,
Space Invaders 2000,,,
Space Jam,,,
Space Rider,,,
Spawn: The Eternal,,,
Spec Ops: Airborne Commando,,,
Spec Ops: Covert Assault,,,
Spec Ops: Ranger Elite,,,
Spec Ops: Stealth Patrol,,,
Spectral Force 2,,,
Speed Freaks,,,
Speed Machines,,,
Speed Power Gunbike[7],Inti,Sony,31 de marzo de 1998
Speed Punks,,,
Speed Racer,,,
Speedball 2100,,,
Speedster,,,
Spice World,,,
Spider-Man,,,
Spider-Man 2: Enter Electro,,,
Spider: The Video Game,Boss Game Studios,,
Spin Jam,,,
SpongeBob SquarePants,,,
SpongeBob SquarePants: SuperSponge,,,
Sports Car GT,,,
Sports Superbike,,,
Sports Superbike 2,,,
Spot Goes To Hollywood,,,
Spriggan: Lunar Verse,,,
Spyro The Dragon,,Sony,
Spyro 2: Ripto's Rage!,,,
Spyro: Year of the Dragon,,,
S.Q. Sound Qube,,,
Star Fighter,,,
Star Gladiator,,,
Star Ixiom,,,
Star Ocean: The Second Story,,,
Star Sweep,,,
Star Trek: Invasion,,,
Star Wars Episode I: Jedi Power Battles,,,
Star Wars: Episode I - The Phantom Menace,,,
Star Wars: The Force Uleashed,,,
Star Wars: Dark Forces,,,
Star Wars: Demolition,,,
Star Wars: Masters of Teräs Käsi,,,
Star Wars: Rebel Assault II,,,
Starblade Alpha,,,
StarFighter,,,
Starfighter 3000,,,
Starwinder,,,
Steel Harbinger,,,
Steel Reign,,,
Stock Car Racer,,,
Story Lane Theater 1,,,
Story Lane Theater 2,,,
Story Lane Theater 3,,,
Story Lane Theater 4,,,
Story Lane Theater 5,,,
Str.at.e.s Analogy-ology!,,,
Str.at.e.s Match-A-Batch,,,
Str.at.e.s Matchmania!,,,
Str.at.e.s Parallel Lives!,,,
Str.at.e.s Riddle Roundup!,,,
Str.at.e.s Riddle Wrangler!,,,
Str.at.e.s Title This! Title That!,,,
Str.at.e.s Titlerama!,,,
Streak,,,
Streak: Hoverboard Racing,,,
Street Fighter Alpha(Street Fighter Zeroen Japón),,,
Street Fighter Alpha 2(Street Fighter Zero 2en Japón),,,
Street Fighter Alpha 3(Street Fighter Zero 3en Japón),,,
Street Fighter II Collection,,,
Street Fighter Collection,,,
Street Fighter Collection 2,,,
Street Fighter EX plus Alpha,,,
Street Fighter EX2 Plus,,,
Street Fighter: The Movie,,,
Street Racer,,,
Street Racquetball,,,
Street Scooters,,,
Street Skater,,,
Street Skater 2,,,
Strider 2,,,
Strike Force Hydra,,,
Strike Point,,,
Striker '96,,,
Striker Pro 2000,,,
Strikers 1945,,,
Strikers 1945 II,,,
Stuart Little 2,,,
Submarine Commander,,,
Suchie-Pai Adventure: Doki Doki Nightmare,,,
Suikoden Tendo 108 Sei,,,
Suikoden,,,
Suikoden II,,,
Suiko Enbu: Outlaws of the Lost Dynasty,,,
Suikogaiden Vol. 1 - Swordsman of Harmonia,,,
Suikogaiden Vol. 2 - The Duel of Crystal Valley,,,
Summon Night,,,
Summon Night 2,,,
Super Adventure RockMan,,,
Super Bubble Pop,,,
Super Dropzone,,,
Super Duper Sumos,,,
Super Hero Sakusen,,,
Super Hero Sakusen: Diedal's Ambition,,,
Super Live Stadium,,,
Super Pang Collection,,,
Super Puzzle Fighter II Turbo(Super Puzzle Fighter II Xen Japón),,,
Super Robot Wars Alpha,,,
Super Robot Wars Alpha Gaiden,,,
Super Robot Wars Complete Box,,,
Super Robot Wars IV S,,,
Super Shot Soccer,,,
Super Slammin'Dodgeball,,,
Super Tokusatsu Taisen 2001,,,
Superbike 2000,,,
Superbike 2001,,,
Superbike Masters,,,
SuperCross 2000,,,
SuperCross 2001,,,
SuperCross Circuit,,,
Superman,,,
Supersonic Racers,,,
Superstar Dance Club,,,
Superstar Dance Club #1 Hits!!!,,,
Susume! Taisen Puzzle Dama,,,
Sven Goran Eriksson's World Manager,,,
Sven Goran Eriksson's World Cup Challenge,,,
Swagman,,,
Swing,,,
The Sword of Camelot,,,
Sydney 2000,,,
Syndicate Wars,,,
Syphon Filter,,,
Syphon Filter 2,,,
Syphon Filter 3,,,
Nombre del Juego Inglés / Español,Creador,Publicador,Fecha de Salida
T'ai Fu: Wrath of the Tiger,,Activision,
T.R.A.G.,,,
Tactics Ogre,,,
Tactics Ogre: Let Us Cling Together,,,
Tail Concerto,,,
Tail of the Sun,,,
Tales of Destiny,,,
Tales of Destiny II,,,
Tales of Eternia,,,
Tales of Fandom Vol. 1,,,
Tales of Phantasia,,,
Tall Infinity,,,
Tank Racer,,,
Tatsunoko Fight,,,
Team Buddies,,,
Team LOSI RC Racing,,,
Tear Ring Saga,,,
Technomage,,,
Tecmo's Deception: Invitation to Darkness,Tecmo,Tecmo,1996
Tecmo Stackers,,,
Tecmo Super Bowl,,,
Tecmo World Golf,,,
Tekken,,,
Tekken 2,,,
Tekken 2 & Soul Blade Twin Pack,,,
Tekken 3,,,
Tempest X3,,,
Tenchi Muyo! Toukou Muyou,,,
Tenchu: Stealth Assassins,,,
Tenchu 2: Birth of the Stealth Assassins,,,
Tenchu: Shinobi Hyakusen,,,
Tenchu: Shinobi-Gaisen,,,
Tenku no Escaflowne,,,
Tennis,,,
Tennis Arena,,,
Ten Pin Alley,,,
Tentama,,,
Terracon,Picture House,SCEE,
Test Drive 4,Pitbull Syndicate,Accolade,1997
Test Drive 4X4,,,
Test Drive 5,Pitbull Syndicate,Accolade,1998
Test Drive 6,Pitbull Syndicate,Infogrames,1999
Test Drive Cycles,,,
Test Drive: Le-Mans,Eutechnyx,Infogrames,2000
Test Drive Off-Road,Accolade,Accolade,1997
Test Drive Off-Road 2,Accolade,Accolade,1998
Test Drive Off-Road 3,Infogrames,Infogrames,1999
Test Drive Rally,,,
Tetris Plus,,,
Tetris with Card Captor Sakura Eternal Heart,,,
Tharsh It!,,,
The Adventures of Lomax,Psygnosis,Psygnosis,31 de octubre de 1996
The Three Decoders: Key to the Carousel,,,
The Three Decoders: Riddle of the Ring,,,
The Three Stooges[8],Cinemaware,Metro3D,7 de febrero de 2004
Theme Hospital,,,
Theme Park,,,
Theme Park World,,,
This Is Football,,,
This Is Football 2,,,
Thousand Arms,,,
Thrasher: Skate and Destroy,,,
Threads of Fate,,,
Three Lions,,,
Thrill Kill,,,
Thunder Force V,,,
ThunderHawk 2: Firestorm,,,
ThunderStrike 2,,,
Thunder Truck Rally,,,
Timeless Jade Trade,,,
Timeless Math: Brainswarm,,,
Timeless Math: Lunar Base,,,
Timeless Math: Maya - King Jaguar's Village,,,
Timeless Math: Maya - Observatory,,,
Timeless Math: Maya - Search and Rescue,,,
Timeless Math: Rover Recovery,,,
Timeless Math: Space Flight Rescue,,,
TigerShark,,,
Tiger Woods '99,,,
Tiger Woods 99 PGA Tour Golf,,,
Tiger Woods PGA Tour 2000,,,
Tigershark,,,
Tigger's Honey Hunt,,,
Time Commando,,,
Time Crisis,,,
Time Crisis: Project Titan,,,
Time Gal and Ninja Hayate,,,
Tiny Tank,,,
Tiny Toon Adventures: The Great Beanstalk(Tiny Toon Adventures: Buster And The Beanstalken Europa),,,
Tiny Toon Adventures: Toonenstein -- Dare to Scare,,,
Tiny Toon Adventures: Plucky's Big Adventure,,,
Titan Wars,,,
TNN Motor Sports Hardcore 4x4,,,
TNN Motor Sports Hardcore TR,,,
Tobal No. 1,,,
Tobal 2,,,
TOCA Touring Car Championship,,,
Toca Touring Cars & Micro Machines - Platinum Double Pack,,,
TOCA Touring Cars 2,,,
TOCA World Touring Cars,,,
Toca World Touring Cars & Colin Mcrae Rally Twin Pack,,,
ToHeart,,,
Tokimeki Memorial: Forever With You,,,
Tokimeki Memorial Drama Series Vol. 1 Nijiiro no Seishun,,,
Tokimeki Memorial Drama Series Vol. 2 Irodori no Love Song,,,
Tokimeki Memorial Drama Series Vol. 3 Tabidachi no Uta,,,
Tokimeki Memorial Private Collection,,,
Tokimeki Memorial Selection: Fujisaki Shiori,,,
Tokimeki Memorial Taisen Pazurudama,,,
Tokimeki Memorial Taisen Tokkaedama,,,
Tokimeki Memorial 2,,,
Tokimeki Memorial 2 Substories: Dancing Summer Vacation,,,
Tokimeki Memorial 2 Substories: Leaping School Festival,,,
Tokimeki Memorial 2 Substories: Memories Ringing On,,,
Tokimeki Memorial 2 Taisen Pazurudama,,,
Tokimeki no Houkago ~Ne Quiz Shiyo~,,,
Tokyo Highway Battle,,,
Tom Clancy's Rainbow Six: Lone Wolf,,,
Tom Clancy's Rainbow Six & Rouge Spear Twin Pack,,,
Tom Clancy's Rainbow Six: Rogue Spear,,,
Tom & Jerry in House Trap,,,
Tomb Raider,,Eidos Interactive,1996
Tomb Raider II,,Eidos Interactive,1997
Tomb Raider III: Adventures of Lara Croft,,Eidos Interactive,1998
Tomb Raider III: Adventures of Lara Croft & Tomb Raider - The Last Revelation Twin Pack,,,1999
Tomb Raider Chronicles,,Eidos Interactive,2000
Tomb Raider: The Last Revelation,,Eidos Interactive,1999
Tomba!,,,
Tomba! 2: The Evil Swine Return,,,
Tombi!,,,
Tombi 2,,,
Tommy Makinen Rally,,,
Tonka Space Station,,,
Tony Hawk's Skateboarding,,,
Tony Hawk's Pro Skater 2,,,
Tony Hawk's Pro Skater 3,,,
Tony Hawk's Pro Skater 4,,,
Tony Hawk's Skateboarding,,,
Toonenstein: Dare To Scare,,,
Top Gun: Fire At Will,,,
Torneko: The Last Hope,,,
Toshinden Subaru(Battle Arena Toshinden 4),,,
Total Drivin',,,
Total Eclipse Turbo,,,
Total NBA 96,,,
Total NBA 97,,,
Total NBA 98,,,
Touge Max 2,,,
Toukon Retsuden 2,,,
Toukon Retsuden 3,,,
Touring Car Challenge,,,
Toys,,,
Track & Field,,,
Transformers: Beast Wars Transmetals,,,
Transport Tycoon,,,
Trap Gunner,,,
Trash It,,,
Treasure Gear,,,
Treasures of the Deep[9],Black Ops Entertainment,Sony,1 de julio de 1998
Trick'n Snowboarder,,,
Trickshot,,,
Triple Play 98,,,
Triple Play '99,,,
Triple Play Baseball 2000,,,
Triple Play 2001,,,
Triple Play Baseball,,,
Truck Racing,,,
Truck Rally,,,
True Love Story,,,
True Love Story ~Remember my Heart~,,,
True Love Story 2,,,
True Love Story Fan Disk,,,
True Pinball,,,
Tunnel B1,,,
Turbo Prop Racing,,,
Turbo Twister,,,
Turnabout,,,
Tunguska: Legend Of Faith,,,
Tweenies: Game Time & Bob The Bulider: Can We Fix It? Twin Pack,,,
Tweenies: Game Time,,,
Twinbee RPG,,,
Twinbee Taisen Puzzle Dama,,,
Twisted Metal,,,
Twisted Metal 2,,,
Twisted Metal III,,,
Twisted Metal 4,,,
Twisted Metal: Small Brawl,,,
Tyco RC: Assault With a Battery,,,
Nombre del Juego Inglés / Español,Creador,Publicador,Fecha de Salida
Ubik,Cryo Interactive,,1998
UEFA Challenge,,,
UEFA Champions League 98/99,,,
UEFA Champions League 99/00,,,
UEFA Champions League 00/01,,,
UEFA Euro 2000,EA Canada,EA Sports,10 de agosto de 2000
UEFA Striker,,,
Ultimate 8-Ball,,,
Ultimate Brain Games,,,
Ultimate Fighting Championship,,,
Ultraman Fighting Evolution,,,
Ultraman Tiga & Ultraman Dyna: New Generations,,,
Umihara Kawase: Shun - Second Edition,,,
UmJammer Lammy,,,
The Unholy War,,Eidos Interactive,
Unknown Variable 1: Masque Manor,,,
Unknown Variable 2: Raven's Ridge,,,
Uprising X,,,
Urban Chaos,,,
USA Racer,,,
U.S. Navy Fighters,,,
Nombre del Juego Inglés / Español,Creador,Publicador,Fecha de Salida
V-Rally,Eden Studios,Infogrames,1997
V-Rally & Eagle One Barrier Attack Twin Pack,,,
V-Rally 2,Eden Studios,Infogrames,1999
V-Ball: Beach Volley Heroes,,,
V-Tennis,,,
V2000,,,
Vagrant Story,,,
Valkyrie Profile: Lenneth,,,
Vampir: Kyuuketsuki Densetsu,,,
Vampire Hunter D,,,November 2000
Vanark,,,
Vandal Hearts,,,
Vandal Hearts II,,,
Vanguard Bandits(Detonator Gauntleten Japón),,,
Vanishing Point,,,
Vegas Casino,,,
Vegas Games 2000,,,
Vermin,,,
Versailles: A Game Of Intrigue,,,
Vib-Ribbon,,,
Victory Boxing Challenger,,,
Victory Boxing Championship Edition,,,
Victory Boxing Contender,,,
Victory Boxing 2,,,
Viewpoint,,,
Vigilante 8,Luxoflux,Activision,
Vigilante 8: Second Offense,Luxoflux,Activision,
V.I.P.,,,
Viper,,,
Virtual Golf,,,
Virtual Hiyru no Ken,,,
Virtual Kasparov,,,
Virtual Pool,,,
Virtual Pool 3,,,
Virtual Pro Wrestling,,,
Virus,,,
Virus: The Battle Field,,,
Virus: It Is Aware,,,
Virus 2000,,,
Viva Football,,,
VMX Racing,,,
VR Baseball '97,,,
VR Baseball '99,,,
VR Golf '97,,,
VR Soccer '96,,,
VR Sports Powerboat Racing,,,
Vs.,,,
Nombre del Juego Inglés / Español,Creador,Publicador,Fecha de Salida
Wacky Races,,,
Waku Waku Bowling,,,
Walt Disney World Quest: Magical Racing Tour,,,
Walt Disney's Jungle Book Rhythm n' Groove,,,
Wanted,,,
Warcraft 2: The Dark Saga,,,
War Games: DefCon 1,,,
War Gods,,,
War Jetz,,,
Warhammer: Dark Omen,,Electronic Arts,
Warhammer: Shadow of the Horned Rat,,Mindscape,
Warhawk,,,
Warm Up!,,,
Warriors of Might & Magic,,,
Warzone 2100,,,
Wayne Gretsky's 3D Hockey 98,,,
WCW Backstage Assault,,,
WCW Mayhem,,,
WCW Nitro,,,
WCW/nWo Thunder,,,
WCW vs The World,,,
The Weakest Link,,,
Wedding Peach: Doki Doki Oiro-naoshi,,,
Welcome House,,,
Welcome House 2: Keaton and his Uncle,,,
Wheel of Fortune,,,
Wheel of Fortune 2nd Edition,,,
Westlife Fan-O-Mania,,,
Whizz,,,
Who Wants to be a Millionaire Junior Edition,,,
Who Wants to be a Millionaire: Second Edition,,,
Who Wants to be a Millionaire,,,
Wild 9,,,
Wild Arms,,Sony,
Wild Arms 2,,,
Wild Rapids,,,
The Wild Thornberrys: Animal Adventure,,,
Wild Wild West,,,
Williams Arcade Classics,,,
Williams Arcade's Greatest Hits,,,
Windsurfer's Paradise,,,
Wing Commander III: Heart of the Tiger,,,
Wing Commander IV: The Price of Freedom,,,
Wing Over,,,
Wing Over 2,,,
Winky The Little Bear,,,
Winnie the Pooh: Kindergarten,,,
Winnie the Pooh: Preschool,,,
Winning Eleven 3: Final Version,,,
WipEout,,,
WipEout XL(wipEout 2097en Europa),,,
WipEout 3: Special Edition,,,
WipEout 3: Special Edition & Destruction Derby 2 Twin Pack,,,
Wizardry VII: Gadeia no Houshu,,,
Wizardry Empire,,,
Wizardry Empire 2,,,
Wizardry: Dimguil,,,
Wizardry: Llylgamyn Saga,,,
Wizardry: New Age of Llylgamyn,,,
Woody Woodpecker Racing,,,
Wonders 3 Arcade Gears,,,
World Championship Snooker,,,
World Cup 98,,,
World Cup Golf: Professional Edition,,,
World Destruction League: Thunder Tanks,,,
World Destruction League War Jetz,,,
World League Soccer 98,,,
World Rally Championship Arcade,,,
World Soccer Jikkyo Winning Eleven 4,,,
World Soccer Jikkyou Winning Eleven 2000: U-23 Medal heno Chousen,,,
World Soccer Winning Eleven 2002,,,
World Stadium EX,,,
World's Scariest Police Chases,,,
World Tennis Stars,,,
Worms,,,
Worms Armageddon,,,
Worms Pinball,,,
Worms World Party,,,
Wreckin' Crew,,,
Write Away 1,,,
Write Away 2,,,
Write Away 3,,,
Write Away 4,,,
Write Away 5,,,
Write Away 6,,,
Write Away 7,,,
Write Away 8,,,
Write Away 9,,,
Write Away 10,,,
Wu-Tang: Shaolin Style,,,
WWF Attitude,Iguana Entertainment,Acclaim,
WWF In Your House,,,
WWF SmackDown!,,,
WWF SmackDown! 2: Know Your Role,,,
WWF War Zone,,,
WWF Wrestlemania: The Arcade Game,,,
Nombre del Juego Inglés / Español,Creador,Publicador,Fecha de Salida
X2,,,
X: Unmei no Sentaku,,,
X-Bladez: Inline Skater,,,
X-COM: Terror from the Deep,,MicroProse,
X-COM: UFO Defense(X-COM: Enemy Unknownen Europa),,MicroProse,
The X-Files,,,
X-Games Pro Boarder,,,
X-Men: Children of the Atom,,,
X-Men: Mutant Academy,,,
X-Men: Mutant Academy 2,,,
X-Men: Mutant Wars,,,
X-Men vs. Street Fighter,Capcom,Capcom,
X-Racing,,,
X2 No Relief,,,
Xena: la princesa guerrera,Vivendi,Electronic Arts,1999
Xenocracy,,,
Xenogears,,,
Xevious 3D/G,,,
Xevious 3D/G+,,,
XS Junior League Dodgeball,,,
XS Junior League Football,,,
XS Junior League Soccer,,,
XS Moto,,,
Xtreme Roller,,,
Nombre del Juego Inglés / Español,Creador,Publicador,Fecha de Salida
Yarudora Series Vol. 1: Double Cast[10],SCEI,SCEI,25 de junio de 1998
Yarudora Series Vol. 3: Sampaguita[11],SCEI,SCEI,15 de octubre de 1998
Yeh Yeh Tennis[12],Sunsoft,,
Yeti Sports Deluxe,,,
Yo Yo's Puzzle Park,,,
You Don't Know Jack[13],Jellyvision,Berkeley Systems Inc.,31 de octubre de 1999
You Don't Know Jack! Mock 2[14],Starsphere Interactive,Sierra Attractions,6 de noviembre de 2000
Yu-Gi-Oh! Forbidden Memories[15],KCEJ,Konami,9 de diciembre de 199920 de marzo de 200222 de noviembre de 2002
Yuukyuu Kumikyoku All Star Project,MediaWorks,MediaWorks,24 de agosto de 2000
Nombre del Juego Inglés / Español,Creador,Publicador,Fecha de Salida
Z,The Bitmap Brothers,GT Interactive,diciembre de 1997
Z-Gundam,,,
Zanac X Zanac,,,
Zen-Nippon Pro Wrestling: Ouja no Kon,,,
ZeiramZone,,,
Zero4 Champ DooZy-J,,,
Zero Divide,,,
Zero Divide 2,,,
Zeus: Carnage Heart Second,,,
Zig Zag Ball,,,
Zill'Oll,,,
Zoboomafoo,,,
Zoids Battle Card Game,,,
Zoids 2: Heric vs Guylos,,,
Zoop,,,
